name,link,actor_link,actor
我们的四十年,https://movie.douban.com/subject/27172912/?tag=%E5%9B%BD%E4%BA%A7%E5%89%A7&from=gaia_video,"/celebrity/1313839/,/celebrity/1319610/,/celebrity/1326528/,/celebrity/1369031/,/celebrity/1275131/,/celebrity/1327959/,/celebrity/1314404/,/celebrity/1313397/,/celebrity/1318520/,/celebrity/1275488/,/celebrity/1383544/,/celebrity/1384051/","金世佳,柴碧云,李茂,徐小飒,谢芳,钱波,刘亚津,馨子,柴鸥,王伟华,梁佳伟,卢佳"
我的保姆手册,https://movie.douban.com/subject/30142136/?tag=%E5%9B%BD%E4%BA%A7%E5%89%A7&from=gaia_video,"/celebrity/1275765/,/celebrity/1375007/,/celebrity/1374378/,/celebrity/1395187/,/celebrity/1374382/,/celebrity/1313986/","郑爽,英迪帕・塔尼,虞t杰,郑丞丞,刘彤,吕佳容"
你和我的倾城时光,https://movie.douban.com/subject/26386688/?tag=%E5%9B%BD%E4%BA%A7%E5%89%A7&from=gaia_video,"/celebrity/1275620/,/celebrity/1375014/,/celebrity/1274603/,/celebrity/1317315/,/celebrity/1326738/,/celebrity/1328419/","赵丽颖,金瀚,曹曦文,俞灏明,刘凡菲,孟瑞"
千门江湖之诡面疑云,https://movie.douban.com/subject/30367827/?tag=%E5%9B%BD%E4%BA%A7%E5%89%A7&from=gaia_video,"/celebrity/1340457/,/celebrity/1399149/,/celebrity/1350716/,/celebrity/1396533/","宁桓宇,金雯昕,李岱昆,朱娅"
我家徒弟又挂了,https://movie.douban.com/subject/30367833/?tag=%E5%9B%BD%E4%BA%A7%E5%89%A7&from=gaia_video,"/celebrity/1350145/,/celebrity/1390860/,/celebrity/1355443/,/celebrity/1364979/,/celebrity/1363949/,/celebrity/1360787/","付枚,张博涵,蔡俊涛,徐扬灏,刘嘉文,张心怡,张奕,张艺微"
罪案心理小组X,https://movie.douban.com/subject/30135448/?tag=%E5%9B%BD%E4%BA%A7%E5%89%A7&from=gaia_video,"/celebrity/1325810/,/celebrity/1345548/,/celebrity/1315443/,/celebrity/1364986/,/celebrity/1324396/","张超,米露,李晨浩,王润泽,王今心"
人不彪悍枉少年,https://movie.douban.com/subject/27615866/?tag=%E5%9B%BD%E4%BA%A7%E5%89%A7&from=gaia_video,"/celebrity/1359141/,/celebrity/1403999/,/celebrity/1404000/,/celebrity/1404001/,/celebrity/1404002/,/celebrity/1404003/,/celebrity/1314632/","侯明昊,万鹏,张耀,代露娃,李明德,潘美烨,王森"
火王之破晓之战,https://movie.douban.com/subject/26901432/?tag=%E5%9B%BD%E4%BA%A7%E5%89%A7&from=gaia_video,"/celebrity/1211987/,/celebrity/1275432/,/celebrity/1341220/,/celebrity/1356192/,/celebrity/1340464/,/celebrity/1330589/,/celebrity/1326739/,/celebrity/1321009/,/celebrity/1376846/,/celebrity/1343493/,/celebrity/1326845/,/celebrity/1318169/,/celebrity/1390172/,/celebrity/1339697/,/celebrity/1318279/,/celebrity/1323837/","陈柏霖,景甜,张逸杰,赖雨,范世W,孙绍龙,杜俊泽,张维娜,苏航,彭凌,刘海蓝,张钧涵,隋柯名,南笙,佟凡,柏安"
生活对我下手了,https://movie.douban.com/subject/30352908/?tag=%E5%9B%BD%E4%BA%A7%E5%89%A7&from=gaia_video,"/celebrity/1381644/,/celebrity/1402883/,/celebrity/1315866/,/celebrity/1319032/,/celebrity/1366846/,/celebrity/1362516/","辣目洋子,刘背实,嗯呐朱莉,是个郝仁,暴走萝莉尧洋,包贝尔,马丽,王天辰,许君聪"
那座城这家人,https://movie.douban.com/subject/30201023/?tag=%E5%9B%BD%E4%BA%A7%E5%89%A7&from=gaia_video,"/celebrity/1317056/,/celebrity/1275723/,/celebrity/1274702/,/celebrity/1323026/,/celebrity/1321268/,/celebrity/1322899/,/celebrity/1346564/,/celebrity/1322482/,/celebrity/1315025/,/celebrity/1398761/,/celebrity/1275275/,/celebrity/1322293/,/celebrity/1325615/,/celebrity/1375896/,/celebrity/1407795/,/celebrity/1384069/,/celebrity/1369947/,/celebrity/1340059/,/celebrity/1387972/,/celebrity/1407797/,/celebrity/1407796/,/celebrity/1407798/","马元,童蕾,萨日娜,李建义,吴迪,张雅蓓,王妍之,孔宋今,周显欣,彭士腾,王姬,王菁华,逯长恩,战卫华,于水歌,王昱超,谢雨霏,罗立群,王冠淇,文思,华亮亮,贺彤雨"
大约是爱,https://movie.douban.com/subject/27624636/?tag=%E5%9B%BD%E4%BA%A7%E5%89%A7&from=gaia_video,"/celebrity/1375158/,/celebrity/1353236/,/celebrity/1377756/,/celebrity/1391370/,/celebrity/1375038/","彦希,许晓诺,蔡乙嘉,杨欣颖,胡文,李心博,付乐莹"
浪漫星星,https://movie.douban.com/subject/26606775/?tag=%E5%9B%BD%E4%BA%A7%E5%89%A7&from=gaia_video,"/celebrity/1367682/,/celebrity/1354819/,/celebrity/1380422/,/celebrity/1329518/,/celebrity/1368442/,/celebrity/1357207/,/celebrity/1364197/,/celebrity/1314226/,/celebrity/1330307/,/celebrity/1314911/,/celebrity/1386145/","王嘉,邢菲,贾征宇,李心艾,闫肃,楼佳悦,何绍宏,崔鹏,周帅,涂黎曼,陈宥维"
外滩钟声,https://movie.douban.com/subject/26738639/?tag=%E5%9B%BD%E4%BA%A7%E5%89%A7&from=gaia_video,"/celebrity/1317315/,/celebrity/1337020/,/celebrity/1309215/,/celebrity/1321823/,/celebrity/1321741/,/celebrity/1275893/,/celebrity/1315113/,/celebrity/1406978/,/celebrity/1351456/,/celebrity/1406971/,/celebrity/1406979/,/celebrity/1316410/,/celebrity/1021830/,/celebrity/1331742/,/celebrity/1313368/,/celebrity/1353627/,/celebrity/1362817/,/celebrity/1391651/,/celebrity/1382829/,/celebrity/1343333/,/celebrity/1366415/,/celebrity/1351561/,/celebrity/1406980/,/celebrity/1383008/,/celebrity/1406982/,/celebrity/1357200/,/celebrity/1326060/,/celebrity/1406984/,/celebrity/1324157/,/celebrity/1372068/,/celebrity/1386539/,/celebrity/1319036/,/celebrity/1390850/,/celebrity/1275747/,/celebrity/1313491/","俞灏明,吴谨言,陈瑾,陈洁,代旭,牛,张芝华,刘碧渠,陈伟栋,唐雅萍,何晶,马睿,谢园,黄婧,宋宁峰,张墨锡,刘汉兆,贾晨飞,孙晨熙,胡世群,赵蕴卓,陈昊宇,华嘉年,程天赐,徐宏杰,华明伟,陈俊亨,陈忠志,刘旭,张兰,秦越,冯鹏,房鑫,曹玉庆,姚安濂,郑毓芝"
大江大河,https://movie.douban.com/subject/26797690/?tag=%E5%9B%BD%E4%BA%A7%E5%89%A7&from=gaia_video,"/celebrity/1314544/,/celebrity/1275708/,/celebrity/1330472/,/celebrity/1314047/,/celebrity/1274256/,/celebrity/1313964/,/celebrity/1366396/,/celebrity/1322795/,/celebrity/1348415/,/celebrity/1317302/,/celebrity/1352362/,/celebrity/1317921/,/celebrity/1315828/,/celebrity/1320286/,/celebrity/1354660/,/celebrity/1335594/,/celebrity/1327418/,/celebrity/1342131/,/celebrity/1406924/,/celebrity/1333902/,/celebrity/1301327/,/celebrity/1366415/,/celebrity/1388880/,/celebrity/1355471/,/celebrity/1287962/,/celebrity/1348343/,/celebrity/1406925/,/celebrity/1360593/,/celebrity/1318966/,/celebrity/1275538/,/celebrity/1336639/,/celebrity/1316743/,/celebrity/1318073/,/celebrity/1378686/,/celebrity/1275666/,/celebrity/1317893/,/celebrity/1408259/,/celebrity/1316623/,/celebrity/1334969/,/celebrity/1361767/,/celebrity/1370868/,/celebrity/1327985/,/celebrity/1275977/","王凯,杨烁,董子健,童瑶,杨立新,周放,田雷,赵达,王永泉,赵阳,王宏,施诗,练束梅,吴其江,胡耘豪,王鑫,李保安,钱洁,李克伟,陈小妹,吴国华,赵蕴卓,鞠帛展,冯晖,赵君,宋家腾,卜宇鑫,周瑞,贾媛媛,苏小明,郭虹,任帅,郭广平,王瑞子,朱铁,李威,佟国强,任正斌,王旭峰,吕昀峰,李晨涛,孙浩涪,王双宝"
重明卫：大明机密,https://movie.douban.com/subject/30217609/?tag=%E5%9B%BD%E4%BA%A7%E5%89%A7&from=gaia_video,"/celebrity/1353238/,/celebrity/1362821/,/celebrity/1365481/,/celebrity/1356619/","李川,余h,陈烨林,史元庭"
我与你的光年距离2,https://movie.douban.com/subject/30158965/?tag=%E5%9B%BD%E4%BA%A7%E5%89%A7&from=gaia_video,"/celebrity/1366550/,/celebrity/1353236/,/celebrity/1407395/,/celebrity/1386912/,/celebrity/1397727/,/celebrity/1407517/","王以纶,许晓诺,完颜洛绒,张柏嘉,郑舒环,赵奂然,李俊锋"
原生之罪,https://movie.douban.com/subject/30139731/?tag=%E5%9B%BD%E4%BA%A7%E5%89%A7&from=gaia_video,"/celebrity/1317066/,/celebrity/1332934/,/celebrity/1275547/,/celebrity/1318260/,/celebrity/1388748/","翟天临,尹正,白冰,颜卓灵,李若宁"
喜欢你时风好甜,https://movie.douban.com/subject/27663745/?tag=%E5%9B%BD%E4%BA%A7%E5%89%A7&from=gaia_video,"/celebrity/1369578/,/celebrity/1373780/,/celebrity/1405450/,/celebrity/1356553/,/celebrity/1368540/","高瀚宇,陈芋米,谷蓝帝,林妍柔,孙克杰"
知否知否应是绿肥红瘦,https://movie.douban.com/subject/26928226/?tag=%E5%9B%BD%E4%BA%A7%E5%89%A7&from=gaia_video,"/celebrity/1275620/,/celebrity/1275721/,/celebrity/1318883/,/celebrity/1317921/,/celebrity/1315030/,/celebrity/1314921/,/celebrity/1116446/,/celebrity/1314860/,/celebrity/1319834/,/celebrity/1314245/,/celebrity/1314761/,/celebrity/1309215/,/celebrity/1355326/,/celebrity/1352052/,/celebrity/1317230/,/celebrity/1313674/,/celebrity/1275510/,/celebrity/1325756/","赵丽颖,冯绍峰,朱一龙,施诗,张佳宁,刘钧,刘琳,高露,王仁君,王一楠,李依晓,陈瑾,王鹤润,张晓谦,李洪涛,曹翠芬,杨新鸣,谭希和"
姥姥的饺子馆,https://movie.douban.com/subject/27594303/?tag=%E5%9B%BD%E4%BA%A7%E5%89%A7&from=gaia_video,"/celebrity/1274422/,/celebrity/1313462/,/celebrity/1319242/,/celebrity/1363637/,/celebrity/1364263/,/celebrity/1391535/","陈小艺,何政军,魏小军,方贻萱,刘浩闻,梁霆炜,徐艺方"
古董局中局,https://movie.douban.com/subject/26675617/?tag=%E5%9B%BD%E4%BA%A7%E5%89%A7&from=gaia_video,"/celebrity/1041082/,/celebrity/1275683/,/celebrity/1328103/,/celebrity/1023805/,/celebrity/1313818/,/celebrity/1275451/,/celebrity/1274711/,/celebrity/1046960/,/celebrity/1312939/,/celebrity/1314455/","夏雨,乔振宇,蔡文静,田中千绘,王刚,曾江,吕中,潘粤明,黄海冰,汤镇宗"
盛唐幻夜,https://movie.douban.com/subject/26469969/?tag=%E5%9B%BD%E4%BA%A7%E5%89%A7&from=gaia_video,"/celebrity/1334223/,/celebrity/1342439/,/celebrity/1352181/,/celebrity/1319717/,/celebrity/1274820/,/celebrity/1318324/,/celebrity/1274888/","吴倩,郑业成,张雨剑,董琦,袁文康,刘天佐,印小天"
教室的那一间,https://movie.douban.com/subject/30351548/?tag=%E5%9B%BD%E4%BA%A7%E5%89%A7&from=gaia_video,"/celebrity/1380797/,/celebrity/1402654/,/celebrity/1402655/,/celebrity/1402656/","吴瑞淞,蒋袁娅蓉,王星玮,耿强"
双世宠妃Ⅱ,https://movie.douban.com/subject/27195038/?tag=%E5%9B%BD%E4%BA%A7%E5%89%A7&from=gaia_video,"/celebrity/1376909/,/celebrity/1374407/,/celebrity/1376911/,/celebrity/1376912/,/celebrity/1376913/,/celebrity/1386145/,/celebrity/1376915/,/celebrity/1374004/,/celebrity/1406845/","邢昭林,梁洁,王瑞昌,钟祺,孙艺宁,陈宥维,王浩歌,胡春勇,廖慧佳"
唐砖,https://movie.douban.com/subject/27186648/?tag=%E5%9B%BD%E4%BA%A7%E5%89%A7&from=gaia_video,"/celebrity/1315030/,/celebrity/1366846/,/celebrity/1274768/,/celebrity/1050693/,/celebrity/1313795/,/celebrity/1401295/,/celebrity/1348415/","张佳宁,王天辰,张智尧,袁咏仪,王文杰,于子洋,王永泉"
将夜,https://movie.douban.com/subject/26848645/?tag=%E5%9B%BD%E4%BA%A7%E5%89%A7&from=gaia_video,"/celebrity/1366646/,/celebrity/1345741/,/celebrity/1032540/,/celebrity/1033184/,/celebrity/1356585/,/celebrity/1361032/,/celebrity/1342901/,/celebrity/1314047/,/celebrity/1324187/,/celebrity/1395348/,/celebrity/1374512/,/celebrity/1275504/,/celebrity/1275482/,/celebrity/1036978/,/celebrity/1317188/,/celebrity/1274306/,/celebrity/1045364/,/celebrity/1037662/,/celebrity/1275747/,/celebrity/1315540/,/celebrity/1337942/,/celebrity/1355552/,/celebrity/1317921/","陈飞宇,宋伊人,胡军,郑少秋,孙祖君,孟子义,袁冰妍,童瑶,黄一琳,胡宇轩,陈震,郭品超,金士杰,黎明,杜玉明,倪大红,安志杰,李子雄,姚安濂,苏可,曹卫宇,卢勇,施诗"
回到明朝当王爷,https://movie.douban.com/subject/26705728/?tag=%E5%9B%BD%E4%BA%A7%E5%89%A7&from=gaia_video,"/celebrity/1315457/,/celebrity/1342901/,/celebrity/1339588/,/celebrity/1312846/,/celebrity/1322731/,/celebrity/1348484/,/celebrity/1359952/,/celebrity/1323763/,/celebrity/1351561/","蒋劲夫,袁冰妍,刘芮麟,柳岩,刘奕君,王紫璇,张思帆,宣璐,陈昊宇"
原来你还在这里,https://movie.douban.com/subject/26787123/?tag=%E5%9B%BD%E4%BA%A7%E5%89%A7&from=gaia_video,"/celebrity/1312862/,/celebrity/1348542/,/celebrity/1349387/,/celebrity/1318954/,/celebrity/1315414/,/celebrity/1321055/,/celebrity/1330228/,/celebrity/1329632/,/celebrity/1036695/,/celebrity/1324029/,/celebrity/1376310/,/celebrity/1331721/,/celebrity/1404638/,/celebrity/1350013/,/celebrity/1355416/,/celebrity/1275460/","杨子姗,韩东君,李程彬,蓝盈莹,苏青,檀健次,李兰迪,胡先煦,高圣远,温心,李庚希,边程,庄达菲,万国鹏,姬晓飞,马雅舒"
幸福一家人,https://movie.douban.com/subject/27180960/?tag=%E5%9B%BD%E4%BA%A7%E5%89%A7&from=gaia_video,"/celebrity/1001074/,/celebrity/1317066/,/celebrity/1274438/,/celebrity/1266497/,/celebrity/1375283/,/celebrity/1371682/,/celebrity/1364489/","董洁,翟天临,李立群,邱泽,何美璇,任运杰,虞文涛"
悍城,https://movie.douban.com/subject/27160612/?tag=%E5%9B%BD%E4%BA%A7%E5%89%A7&from=gaia_video,"/celebrity/1275178/,/celebrity/1274820/,/celebrity/1367185/,/celebrity/1336802/,/celebrity/1275485/,/celebrity/1390801/,/celebrity/1383924/,/celebrity/1388918/,/celebrity/1366346/,/celebrity/1316991/,/celebrity/1320081/,/celebrity/1328275/,/celebrity/1395141/,/celebrity/1365179/,/celebrity/1387338/,/celebrity/1317302/","李光洁,袁文康,姜瑶,李成敏,刘德凯,孙岩,高至霆,姜卓君,梁译木,盛鉴,高冬平,银雪,文予琪,魏健隆,赵威霖,赵阳"
正阳门下小女人,https://movie.douban.com/subject/27073039/?tag=%E5%9B%BD%E4%BA%A7%E5%89%A7&from=gaia_video,"/celebrity/1020487/,/celebrity/1274306/,/celebrity/1313584/,/celebrity/1335532/,/celebrity/1325205/,/celebrity/1322123/,/celebrity/1313513/,/celebrity/1323213/,/celebrity/1374692/","蒋雯丽,倪大红,田海蓉,崔心心,乔大韦,武笑羽,李光复,李文玲,郝金明"
创业时代,https://movie.douban.com/subject/26665352/?tag=%E5%9B%BD%E4%BA%A7%E5%89%A7&from=gaia_video,"/celebrity/1276105/,/celebrity/1033011/,/celebrity/1276085/,/celebrity/1319273/,/celebrity/1323760/,/celebrity/1321741/,/celebrity/1274888/,/celebrity/1275749/,/celebrity/1352052/,/celebrity/1400451/,/celebrity/1054562/,/celebrity/1316330/,/celebrity/1323026/,/celebrity/1274722/,/celebrity/1287962/,/celebrity/1317526/,/celebrity/1315540/","黄轩,杨颖,周一围,宋轶,啜妮,代旭,印小天,代乐乐,张晓谦,范津玮,王学圻,王耀庆,李建义,韩童生,赵君,王同辉,苏可"
降龙之白露为霜,https://movie.douban.com/subject/30122630/?tag=%E5%9B%BD%E4%BA%A7%E5%89%A7&from=gaia_video,"/celebrity/1402425/,/celebrity/1380027/,/celebrity/1367133/,/celebrity/1386580/","杨昊铭,赵诚宇,李彦漫,唐本"
人间规则,https://movie.douban.com/subject/27616489/?tag=%E5%9B%BD%E4%BA%A7%E5%89%A7&from=gaia_video,"/celebrity/1328280/,/celebrity/1315232/,/celebrity/1323199/,/celebrity/1379701/,/celebrity/1327216/,/celebrity/1385828/,/celebrity/1364576/,/celebrity/1353092/,/celebrity/1344540/,/celebrity/1355968/,/celebrity/1402872/,/celebrity/1351453/,/celebrity/1327495/,/celebrity/1275600/,/celebrity/1357677/,/celebrity/1390306/,/celebrity/1402873/","张雅玫,厉娜,王李丹妮,陈子由,于彦凯,马梦乔,张明磊,王歌,郑中玉,宁浩然,华千涵,王美人,薛淑杰,那威,陈梦希,邢雨静,孙正霖"
你迟到的许多年,https://movie.douban.com/subject/27097743/?tag=%E5%9B%BD%E4%BA%A7%E5%89%A7&from=gaia_video,"/celebrity/1041404/,/celebrity/1275049/,/celebrity/1274437/,/celebrity/1313383/,/celebrity/1276108/,/celebrity/1321276/,/celebrity/1320522/,/celebrity/1386037/,/celebrity/1275741/,/celebrity/1314212/","黄晓明,殷桃,秦海璐,曹炳琨,范志博,田征,章贺,王天野,张光北,舒耀u"
颤抖吧阿部之朵星风云,https://movie.douban.com/subject/30241701/?tag=%E5%9B%BD%E4%BA%A7%E5%89%A7&from=gaia_video,"/celebrity/1342439/,/celebrity/1330524/,/celebrity/1317598/,/celebrity/1378741/,/celebrity/1354730/,/celebrity/1330499/,/celebrity/1376372/,/celebrity/1323327/,/celebrity/1376846/","郑业成,安悦溪,徐嘉苇,徐沐婵,卢峰,吴佩柔,高一清,毛方圆,苏航"
好戏一出,https://movie.douban.com/subject/30331440/?tag=%E5%9B%BD%E4%BA%A7%E5%89%A7&from=gaia_video,"/celebrity/1274242/,/celebrity/1138320/,/celebrity/1274388/,/celebrity/1338949/,/celebrity/1313742/,/celebrity/1317139/,/celebrity/1274639/,/celebrity/1316745/,/celebrity/1053581/,/celebrity/1274297/,/celebrity/1274265/,/celebrity/1274919/,/celebrity/1313007/,/celebrity/1274641/,/celebrity/1336305/,/celebrity/1314469/,/celebrity/1318092/","黄渤,舒淇,王宝强,张艺兴,于和伟,王迅,李勤勤,李又麟,孙红雷,徐峥,宁浩,管虎,陈德森,梁静,刘昊然,刘彦卿,张磊"
我在大理寺当宠物,https://movie.douban.com/subject/27663746/?tag=%E5%9B%BD%E4%BA%A7%E5%89%A7&from=gaia_video,"/celebrity/1337019/,/celebrity/1392924/,/celebrity/1317598/,/celebrity/1376829/,/celebrity/1339095/,/celebrity/1359731/,/celebrity/1364324/","徐开骋,胡意旋,徐嘉苇,李奕增,王熙然,陈潇,唐孜悦"
护花高手在都市,https://movie.douban.com/subject/30279913/?tag=%E5%9B%BD%E4%BA%A7%E5%89%A7&from=gaia_video,"/celebrity/1348541/,/celebrity/赵凌彬/,/celebrity/杨卿/,/celebrity/葛杨曦/,/celebrity/格伊/,/celebrity/1364903/,/celebrity/李泽宇/,/celebrity/张亚奇/,/celebrity/尚熠晗/","温哲轩,赵凌彬,杨卿,葛杨曦,格伊,崔尔康,李泽宇,张亚奇,尚熠晗"
蚀日风暴,https://movie.douban.com/subject/27198152/?tag=%E5%9B%BD%E4%BA%A7%E5%89%A7&from=gaia_video,"/celebrity/1050979/,/celebrity/1023827/,/celebrity/1315994/,/celebrity/1384266/,/celebrity/1349514/,/celebrity/1043139/,/celebrity/1252695/,/celebrity/1335928/,/celebrity/1048476/,/celebrity/1274449/,/celebrity/1313719/,/celebrity/1108968/,/celebrity/1032633/,/celebrity/1321559/,/celebrity/1044122/,/celebrity/1274580/,/celebrity/1375415/,/celebrity/1353200/,/celebrity/1399006/,/celebrity/1400286/,/celebrity/1384273/,/celebrity/1400287/,/celebrity/1381509/,/celebrity/1162139/,/celebrity/1274952/,/celebrity/1313804/,/celebrity/1316097/,/celebrity/1348400/,/celebrity/1330014/,/celebrity/1383872/,/celebrity/1352840/,/celebrity/1330015/,/celebrity/1314143/,/celebrity/1339097/,/celebrity/1382111/,/celebrity/1336383/,/celebrity/1384688/,/celebrity/1348472/,/celebrity/1383060/,/celebrity/1349546/,/celebrity/1340411/,/celebrity/1341581/,/celebrity/1345882/,/celebrity/1357580/,/celebrity/1355706/,/celebrity/1017188/,/celebrity/1324439/,/celebrity/1401138/,/celebrity/1372082/,/celebrity/1374774/,/celebrity/1047396/,/celebrity/1349800/,/celebrity/1387623/,/celebrity/1342910/,/celebrity/1374560/,/celebrity/1377720/","张智霖,薛凯琪,王阳明,陈瑾如,李思函,梁汉文,梁靖琪,宝儿,秦沛,许绍雄,刘兆铭,罗家英,卢惠光,林嘉华,郭政鸿,麦长青,朱鉴然,吴肇轩,汉研,杨鸿俊,麦少瑜,陈少邦,林家熙,王敏德,陈启泰,邵仲衡,沈震轩,郭卓桦,陈安莹,灰熊,杨天经,李鸿杰,艾威,张松枝,黄竣锋,张文杰,顾定轩,泰臣,陈彼得,鲍康儿,张雷,姜文杰,梁健平,何庆辉,黄华和,车婉婉,吴浣仪,张沛乐,刘沛蘅,何咏雯,陈思齐,古天祥,莫伟文,区轩玮,李凯贤,卢慧敏"
橙红年代,https://movie.douban.com/subject/27036972/?tag=%E5%9B%BD%E4%BA%A7%E5%89%A7&from=gaia_video,"/celebrity/1275970/,/celebrity/1275243/,/celebrity/1322731/,/celebrity/1350207/,/celebrity/1316291/,/celebrity/1315982/,/celebrity/1312271/,/celebrity/1275275/,/celebrity/1323026/,/celebrity/1274832/,/celebrity/1325166/,/celebrity/1316623/,/celebrity/1375802/,/celebrity/1317526/,/celebrity/1359981/,/celebrity/1391171/","陈伟霆,马思纯,刘奕君,陈瑶,叶祖新,何明翰,巫刚,王姬,李建义,胡静,冯国强,任正斌,王戈,王同辉,叶浏,国依铭"
凉生，我们可不可以不忧伤,https://movie.douban.com/subject/26774173/?tag=%E5%9B%BD%E4%BA%A7%E5%89%A7&from=gaia_video,"/celebrity/1274318/,/celebrity/1312820/,/celebrity/1346566/,/celebrity/1340463/,/celebrity/1361032/,/celebrity/1321098/,/celebrity/1315048/,/celebrity/1321587/,/celebrity/1355326/,/celebrity/1317539/,/celebrity/1357676/,/celebrity/1371355/,/celebrity/1324187/,/celebrity/1316792/,/celebrity/1331032/,/celebrity/1374530/,/celebrity/1383008/,/celebrity/1344715/,/celebrity/1396869/","钟汉良,马天宇,孙怡,于朦胧,孟子义,鲁诺,张晓晨,王智,王鹤润,李梦,王艺哲,尼利特龙,黄一琳,徐梵溪,闫鹿杨,贺峻霖,程天赐,芦鑫,马柏全"
舌害,https://movie.douban.com/subject/26946399/?tag=%E5%9B%BD%E4%BA%A7%E5%89%A7&from=gaia_video,"/celebrity/1324173/,/celebrity/1313748/,/celebrity/1318196/,/celebrity/1365527/,/celebrity/1364811/","宋祖儿,徐正溪,柳小海,周韵茹,宋海颉"
超级马丽,https://movie.douban.com/subject/30317762/?tag=%E5%9B%BD%E4%BA%A7%E5%89%A7&from=gaia_video,"/celebrity/1401121/,/celebrity/1274639/,/celebrity/1275600/,/celebrity/1011479/,/celebrity/1222588/,/celebrity/1349999/","漆雕轶柔,李勤勤,那威,英达,梁天,姜涛"
许你浮生若梦,https://movie.douban.com/subject/27083552/?tag=%E5%9B%BD%E4%BA%A7%E5%89%A7&from=gaia_video,"/celebrity/1318883/,/celebrity/1330524/,/celebrity/1342493/,/celebrity/1375415/,/celebrity/1359360/,/celebrity/1363380/,/celebrity/1352755/,/celebrity/1399193/,/celebrity/1402874/","朱一龙,安悦溪,程砚秋,朱鉴然,方逸伦,李德龙,李感,杨,纪向宁"
娘道,https://movie.douban.com/subject/26877848/?tag=%E5%9B%BD%E4%BA%A7%E5%89%A7&from=gaia_video,"/celebrity/1313591/,/celebrity/1317344/,/celebrity/1274644/,/celebrity/1011398/,/celebrity/1333723/,/celebrity/1336603/,/celebrity/1274649/,/celebrity/1315663/,/celebrity/1313031/,/celebrity/1274723/,/celebrity/1371225/,/celebrity/1182844/,/celebrity/1372946/,/celebrity/1388050/,/celebrity/1359547/","岳丽娜,于毅,张少华,史可,刘智扬,肖茵,倪虹洁,杨昆,王绘春,黑子,马赫,寇振海,万子晴,邹轩琦,李嘉淇"
斗破苍穹,https://movie.douban.com/subject/26882446/?tag=%E5%9B%BD%E4%BA%A7%E5%89%A7&from=gaia_video,"/celebrity/1276150/,/celebrity/1345908/,/celebrity/1274844/,/celebrity/1275675/,/celebrity/1318720/,/celebrity/1367246/,/celebrity/1360615/,/celebrity/1357678/,/celebrity/1360384/,/celebrity/1356456/,/celebrity/1315414/,/celebrity/1274556/,/celebrity/1023476/,/celebrity/1326498/,/celebrity/1274651/,/celebrity/1275451/,/celebrity/1313027/,/celebrity/1048469/,/celebrity/1323749/,/celebrity/1321665/,/celebrity/1321613/,/celebrity/1316799/,/celebrity/1371736/,/celebrity/1381514/,/celebrity/1317188/,/celebrity/1351505/,/celebrity/1401037/,/celebrity/1314226/","吴磊,林允,李沁,陈楚河,辛芷蕾,刘美彤,肖战,伍嘉成,彭楚粤,谷嘉诚,苏青,于荣光,李若彤,李子峰,凌潇肃,曾江,邱心志,徐少强,苗皓钧,苏倩薇,朱晓渔,郭晓峰,陈泽希,龚锐,杜玉明,王婉娟,丁桥,崔鹏"
远方的家,https://movie.douban.com/subject/26638511/?tag=%E5%9B%BD%E4%BA%A7%E5%89%A7&from=gaia_video,"/celebrity/1312909/,/celebrity/1275492/,/celebrity/1274711/,/celebrity/1026452/,/celebrity/1318605/,/celebrity/1317124/,/celebrity/1316575/,/celebrity/1376605/,/celebrity/1301329/,/celebrity/1330833/,/celebrity/1351988/,/celebrity/1356617/,/celebrity/1363590/","刘佳,梁冠华,吕中,柯蓝,秦焰,宗平,李凤绪,刘端端,吴玉芳,孟秀,李德功常,荣梓希,曹胤"
天坑鹰猎,https://movie.douban.com/subject/27119802/?tag=%E5%9B%BD%E4%BA%A7%E5%89%A7&from=gaia_video,"/celebrity/1339594/,/celebrity/1369135/,/celebrity/1316819/,/celebrity/1371589/,/celebrity/1362586/,/celebrity/1274585/,/celebrity/1313745/,/celebrity/1322718/,/celebrity/1387774/,/celebrity/1398014/,/celebrity/1387496/,/celebrity/1310696/,/celebrity/1331721/,/celebrity/1400479/,/celebrity/1316093/,/celebrity/1369842/,/celebrity/1391176/,/celebrity/1387866/,/celebrity/1374861/,/celebrity/1382829/,/celebrity/1372946/","王俊凯,文淇,蒋依依,叶筱玮,郑好,刘佩琦,马跃,李小燕,张耀宇,陈叶生,王h兮,吴越,边程,任宇,郑凯,郭震,向皓,常凯宁,马嘉宏,孙晨熙,万子晴"
再创世纪,https://movie.douban.com/subject/26923049/?tag=%E5%9B%BD%E4%BA%A7%E5%89%A7&from=gaia_video,"/celebrity/1029612/,/celebrity/1275126/,/celebrity/1043737/,/celebrity/1275779/,/celebrity/1274581/,/celebrity/1051459/,/celebrity/1051008/,/celebrity/1257558/,/celebrity/1321559/,/celebrity/1313733/,/celebrity/1333245/,/celebrity/1344506/,/celebrity/1365542/,/celebrity/1328661/,/celebrity/1052535/,/celebrity/1381912/,/celebrity/1371985/,/celebrity/1347645/,/celebrity/1328782/,/celebrity/1357652/,/celebrity/1364812/,/celebrity/1274864/,/celebrity/1316515/,/celebrity/1316793/,/celebrity/1400199/,/celebrity/1333240/,/celebrity/1328662/,/celebrity/1315070/,/celebrity/1328660/,/celebrity/1348442/,/celebrity/1349929/,/celebrity/1384682/,/celebrity/1347644/,/celebrity/1388275/,/celebrity/1348396/,/celebrity/1346412/,/celebrity/1392284/,/celebrity/1327391/,/celebrity/1392962/,/celebrity/1376402/,/celebrity/1387619/,/celebrity/1400323/,/celebrity/1400322/,/celebrity/1400287/,/celebrity/1400286/,/celebrity/1400256/,/celebrity/1348413/,/celebrity/1052303/,/celebrity/1029477/,/celebrity/1227332/,/celebrity/1274579/,/celebrity/1315069/,/celebrity/1351139/,/celebrity/1371723/,/celebrity/1398447/,/celebrity/1323088/,/celebrity/1313756/,/celebrity/1280593/,/celebrity/1275625/,/celebrity/1396651/,/celebrity/1394944/,/celebrity/1388456/,/celebrity/1387808/,/celebrity/1315150/","郭晋安,林文龙,袁伟豪,周柏豪,潘志文,周丽淇,杨怡,钟嘉欣,林嘉华,胡枫,杨潮凯,汤洛雯,邓佩仪,张达伦,陈自瑶,周丽欣,郑恕峰,炜烈,尹诗沛,陈贝儿,李忠希,李婉华,杨证桦,陈狄克,杨埕,邓英敏,杨卓娜,林敬刚,林师杰,关伟伦,陈志健,张智轩,冼灏英,谭伟权,苏丽明,刘桂芳,李F芳,蔡国庆,潘梓锋,蔡康年,李启杰,黎振烨,张韦怡,陈少邦,杨鸿俊,丁子朗,李枫,丁羽,万绮雯,胡定欣,马海伦,李成昌,蔚雨芯,余芷慧,王振,黄子雄,郭少芸,郑家生,陈荣峻,何雨瞬,梁雯蔚,伍乐怡,汤俊明,陈展鹏"
月嫂先生,https://movie.douban.com/subject/27108737/?tag=%E5%9B%BD%E4%BA%A7%E5%89%A7&from=gaia_video,"/celebrity/1042466/,/celebrity/1258893/,/celebrity/1321485/,/celebrity/1321740/,/celebrity/1317976/,/celebrity/1318124/,/celebrity/1313508/,/celebrity/1371771/","吴奇隆,李小冉,王维维,董春辉,白志迪,许娣,朱茵,刘若谷"
如懿传,https://movie.douban.com/subject/25812730/?tag=%E5%9B%BD%E4%BA%A7%E5%89%A7&from=gaia_video,"/celebrity/1027798/,/celebrity/1015713/,/celebrity/1257882/,/celebrity/1330356/,/celebrity/1318720/,/celebrity/1001074/,/celebrity/1274939/,/celebrity/1004773/,/celebrity/1314047/,/celebrity/1351561/,/celebrity/1348538/,/celebrity/1275882/,/celebrity/1044964/,/celebrity/1274844/,/celebrity/1315030/,/celebrity/1274603/,/celebrity/1328277/,/celebrity/1361294/,/celebrity/1274820/,/celebrity/1360697/,/celebrity/1335363/,/celebrity/1314702/,/celebrity/1367246/,/celebrity/1325534/,/celebrity/1314645/,/celebrity/1356833/,/celebrity/1330522/,/celebrity/1336639/,/celebrity/1275543/,/celebrity/1322439/,/celebrity/1323785/,/celebrity/1402571/,/celebrity/1402415/,/celebrity/1358187/,/celebrity/1359081/,/celebrity/1334223/,/celebrity/1365430/,/celebrity/1318047/,/celebrity/1353518/,/celebrity/1401426/,/celebrity/1400887/,/celebrity/1275967/,/celebrity/1375294/,/celebrity/1050265/,/celebrity/1313468/,/celebrity/1275178/,/celebrity/1275100/,/celebrity/1355326/,/celebrity/1318162/,/celebrity/1329632/,/celebrity/1315283/,/celebrity/1352321/,/celebrity/1331721/,/celebrity/1377918/,/celebrity/1381258/,/celebrity/1396869/,/celebrity/1383019/,/celebrity/1363019/,/celebrity/1398288/,/celebrity/1383261/,/celebrity/1400231/,/celebrity/1363507/,/celebrity/1401037/,/celebrity/1357677/","周迅,霍建华,张钧甯,李纯,辛芷蕾,董洁,胡可,邬君梅,童瑶,陈昊宇,经超,黄宥明,陈冲,李沁,张佳宁,曹曦文,何泓姗,陈小纭,袁文康,曾一萱,于洋,赵柯,刘美彤,韩丹彤,齐欢,李琦,蒋雪鸣,郭虹,宫晓u,闵春晓,关雪盈,张举举,林澄,夏楠,屈楚萧,吴倩,王纯,陈木易,孟召重,杨柳,王小橙,胡明,王伟,张丰毅,王劲松,李光洁,余少群,王鹤润,张琰,胡先煦,李解,荣梓杉,边程,吴雨珏,周笑琴,马柏全,黄杨钿甜,叶恺文,安杰,黄雯,李梦洋,袁t一,丁桥,陈梦希"
桃花依旧笑春风,https://movie.douban.com/subject/27054074/?tag=%E5%9B%BD%E4%BA%A7%E5%89%A7&from=gaia_video,"/celebrity/1033846/,/celebrity/1314478/,/celebrity/1275878/,/celebrity/1369031/,/celebrity/1315418/,/celebrity/1274722/,/celebrity/1317977/,/celebrity/1316005/,/celebrity/1317976/,/celebrity/1275461/,/celebrity/1314404/,/celebrity/1327959/,/celebrity/1275312/,/celebrity/1329235/,/celebrity/1375583/","苗圃,陈龙,郑国霖,徐小飒,邵峰,韩童生,王丽云,杜源,白志迪,朱泳腾,刘亚津,钱波,刘冰h,肖轶,张润"
天盛长歌,https://movie.douban.com/subject/26761328/?tag=%E5%9B%BD%E4%BA%A7%E5%89%A7&from=gaia_video,"/celebrity/1053618/,/celebrity/1315861/,/celebrity/1312817/,/celebrity/1274306/,/celebrity/1275443/,/celebrity/1342133/,/celebrity/1315048/,/celebrity/1318610/,/celebrity/1313672/,/celebrity/1339315/,/celebrity/1314476/,/celebrity/1318978/,/celebrity/1313561/,/celebrity/1274939/,/celebrity/1313836/,/celebrity/1047083/,/celebrity/1365413/,/celebrity/1275508/,/celebrity/1313740/,/celebrity/1275687/,/celebrity/1314132/,/celebrity/1314018/,/celebrity/1321741/,/celebrity/1318482/,/celebrity/1314524/,/celebrity/1318242/,/celebrity/1319541/,/celebrity/1318307/,/celebrity/1316453/,/celebrity/1274723/,/celebrity/1276004/,/celebrity/1318956/,/celebrity/1314926/,/celebrity/1326513/,/celebrity/1357217/,/celebrity/1319429/,/celebrity/1318605/,/celebrity/1340705/,/celebrity/1372516/,/celebrity/1313612/,/celebrity/1328605/,/celebrity/1318142/,/celebrity/1355552/,/celebrity/1363918/,/celebrity/1316008/,/celebrity/1317809/,/celebrity/1336763/,/celebrity/1371771/,/celebrity/1325193/,/celebrity/1362255/,/celebrity/1354399/,/celebrity/1340741/,/celebrity/1394249/,/celebrity/1400410/,/celebrity/1379423/,/celebrity/1334343/,/celebrity/1318569/,/celebrity/1367146/,/celebrity/1376843/,/celebrity/1400814/,/celebrity/1352657/,/celebrity/1318456/,/celebrity/1334556/,/celebrity/1364833/,/celebrity/1356887/,/celebrity/1330888/","陈坤,倪妮,赵立新,倪大红,袁弘,白敬亭,张晓晨,刘敏涛,海一天,朱锐,修庆,于明加,尹铸胜,胡可,李菁菁,梅婷,昌隆,王鸥,邓莎,谭凯,沈晓海,王策,代旭,杨皓宇,常铖,张定涵,是安,吕夏,郑玉,黑子,杨紫嫣,陈思斯,迟蓬,曲高位,隋雨蒙,康福震,秦焰,栾元晖,徐好,党浩予,侯岩松,许歌,卢勇,杨凯程,张志忠,孙岩,毛毅,刘若谷,邵桐,周逵,马维福,孙宁,王欧蕾,赫雷,王凯熠,唐旭,赵成顺,徐卫,徐剑,宋雨霏,曹雷,赵彦民,李添诺,宋佳洋,代文雯,蔡雅同"
夜天子,https://movie.douban.com/subject/27005229/?tag=%E5%9B%BD%E4%BA%A7%E5%89%A7&from=gaia_video,"/celebrity/1313237/,/celebrity/1324173/,/celebrity/1320462/,/celebrity/1381642/,/celebrity/1330037/,/celebrity/1347860/,/celebrity/1355741/,/celebrity/1274659/,/celebrity/1274654/,/celebrity/1274585/,/celebrity/1377153/,/celebrity/1274412/","徐海乔,宋祖儿,王紫潼,肥龙,郝帅,禹童,蒋沁芸,刘冠麟,洪剑涛,刘佩琦,方清平,陈紫函"
疯人院,https://movie.douban.com/subject/27083735/?tag=%E5%9B%BD%E4%BA%A7%E5%89%A7&from=gaia_video,"/celebrity/1344500/,/celebrity/1336362/,/celebrity/1047083/,/celebrity/1318610/,/celebrity/1318162/,/celebrity/1345399/,/celebrity/1381062/,/celebrity/1369611/,/celebrity/1348963/,/celebrity/1323013/,/celebrity/1275510/,/celebrity/1348415/,/celebrity/1357207/,/celebrity/1349229/,/celebrity/1348343/,/celebrity/1369078/,/celebrity/1322795/,/celebrity/1314040/,/celebrity/1274952/,/celebrity/1338004/,/celebrity/1315688/","刘畅,卢杉,梅婷,刘敏涛,张琰,秦语,郭小炜,李牧芸,赵千紫,班嘉佳,杨新鸣,王永泉,楼佳悦,麦子云,宋家腾,王海涛,赵达,高洋,陈启泰,吴彦姝,于滨"
法医秦明之幸存者,https://movie.douban.com/subject/27198145/?tag=%E5%9B%BD%E4%BA%A7%E5%89%A7&from=gaia_video,"/celebrity/1348538/,/celebrity/1320592/,/celebrity/1383673/,/celebrity/1328675/,/celebrity/1352630/,/celebrity/1400081/","经超,余心恬,刘海宽,艾晓琪,邓炀,张雪"
惹上冷殿下,https://movie.douban.com/subject/27197312/?tag=%E5%9B%BD%E4%BA%A7%E5%89%A7&from=gaia_video,"/celebrity/1353861/,/celebrity/1376913/,/celebrity/1363938/,/celebrity/1399561/,/celebrity/1381417/,/celebrity/1400091/","郭俊辰,孙艺宁,赵弈钦,马力,程慕轩,燕颢元"
武动乾坤,https://movie.douban.com/subject/26756260/?tag=%E5%9B%BD%E4%BA%A7%E5%89%A7&from=gaia_video,"/celebrity/1276051/,/celebrity/1353578/,/celebrity/1028237/,/celebrity/1313574/,/celebrity/1014738/,/celebrity/1312846/,/celebrity/1364691/,/celebrity/1330507/,/celebrity/1322805/,/celebrity/1348337/,/celebrity/1318482/,/celebrity/1390895/,/celebrity/1359076/,/celebrity/1317409/,/celebrity/1355817/","杨洋,张天爱,吴尊,王丽坤,释小龙,柳岩,索笑坤,董晴,唐曾,甘雨,杨皓宇,王海涛,宁小花,斯琴高娃,李昕亮"
伙头军客栈,https://movie.douban.com/subject/27143690/?tag=%E5%9B%BD%E4%BA%A7%E5%89%A7&from=gaia_video,"/celebrity/1316604/,/celebrity/1274652/,/celebrity/1315488/,/celebrity/1383483/,/celebrity/1317976/,/celebrity/1373345/,/celebrity/1318124/,/celebrity/1377564/,/celebrity/1313052/,/celebrity/1372976/,/celebrity/1335313/","周小斌,姜超,毛孩,阿楠,白志迪,东靖川,许娣,孟子叶,刘思言,蒋佳恩,李峥"
香蜜沉沉烬如霜,https://movie.douban.com/subject/26920281/?tag=%E5%9B%BD%E4%BA%A7%E5%89%A7&from=gaia_video,"/celebrity/1314124/,/celebrity/1333341/,/celebrity/1364925/,/celebrity/1334950/,/celebrity/1377326/,/celebrity/1330498/,/celebrity/1037908/,/celebrity/1379736/,/celebrity/1376678/,/celebrity/1380008/,/celebrity/1373609/,/celebrity/1314497/,/celebrity/1327677/,/celebrity/1317994/,/celebrity/1319834/,/celebrity/1321153/,/celebrity/1318162/,/celebrity/1401390/","杨紫,邓伦,陈钰琪,罗云熙,王一菲,邹廷威,周海媚,萨顶顶,杜雨宸,廖劲锋,夏志远,何中华,宁文彤,王媛可,王仁君,彭杨,张琰,姚清仁"
爱情进化论,https://movie.douban.com/subject/27034586/?tag=%E5%9B%BD%E4%BA%A7%E5%89%A7&from=gaia_video,"/celebrity/1353578/,/celebrity/1313867/,/celebrity/1354503/,/celebrity/1328277/,/celebrity/1374523/,/celebrity/1371724/,/celebrity/1318124/,/celebrity/1315092/,/celebrity/1320269/,/celebrity/1275547/,/celebrity/1275666/,/celebrity/1275545/,/celebrity/1021830/","张天爱,张若昀,许魏洲,何泓姗,赵东泽,梁宝羚,许娣,孙松,张龄心,白冰,朱铁,王澜,谢园"
最美的青春,https://movie.douban.com/subject/27126973/?tag=%E5%9B%BD%E4%BA%A7%E5%89%A7&from=gaia_video,"/celebrity/1333723/,/celebrity/1385902/,/celebrity/1275891/,/celebrity/1398220/,/celebrity/1336394/,/celebrity/1328339/,/celebrity/1371225/,/celebrity/1381527/,/celebrity/1344477/,/celebrity/1343477/,/celebrity/1274671/,/celebrity/1275741/,/celebrity/1274723/,/celebrity/1313513/,/celebrity/1400243/","刘智扬,何雨虹,赵恒煊,贾宏伟,张子文,奚望,马赫,张胤哲,孙仲秋,华娇,王奎荣,张光北,黑子,李光复,张黎明"
朕的刺客女友,https://movie.douban.com/subject/30279911/?tag=%E5%9B%BD%E4%BA%A7%E5%89%A7&from=gaia_video,"/celebrity/1398383/,/celebrity/1398384/,/celebrity/1398385/,/celebrity/1398386/,/celebrity/1398446/,/celebrity/1398447/,/celebrity/1385192/","蔡知辰,陈昊蓝,徐婕,丛健彰,陈宣铭,王振,王歆霆"
合伙人,https://movie.douban.com/subject/26855827/?tag=%E5%9B%BD%E4%BA%A7%E5%89%A7&from=gaia_video,"/celebrity/1312699/,/celebrity/1275025/,/celebrity/1313030/,/celebrity/1328420/,/celebrity/1313681/,/celebrity/1314323/,/celebrity/1398015/,/celebrity/1335604/,/celebrity/1348947/,/celebrity/1357908/,/celebrity/1275510/","朱亚文,郑元畅,李佳航,菅纫姿,韩雨芹,迟嘉,张哲玮,童苡萱,尹智玄,语桐,杨新鸣"
媚者无疆,https://movie.douban.com/subject/27089387/?tag=%E5%9B%BD%E4%BA%A7%E5%89%A7&from=gaia_video,"/celebrity/1354284/,/celebrity/1359081/,/celebrity/1352236/,/celebrity/1326498/,/celebrity/1321186/,/celebrity/1315812/,/celebrity/1322311/,/celebrity/1326077/,/celebrity/1336952/,/celebrity/1315975/,/celebrity/1364570/,/celebrity/1313561/,/celebrity/1274776/,/celebrity/1318019/,/celebrity/1328097/,/celebrity/1317188/,/celebrity/1318520/,/celebrity/1398663/,/celebrity/1276017/,/celebrity/1339958/,/celebrity/1359090/,/celebrity/1358206/,/celebrity/1335316/,/celebrity/1378956/,/celebrity/1398664/,/celebrity/1365083/,/celebrity/1319280/,/celebrity/1397441/,/celebrity/1337573/,/celebrity/1344401/","李一桐,屈楚萧,汪铎,李子峰,郭雪芙,徐洁儿,刘萌萌,王亦凡,马歌,李健,苏小玎,尹铸胜,高鑫,李羿u,马京京,杜玉明,柴鸥,孟蔚,韩秋池,张天阳,葛铮,冉晨,王乐乐,靳邦壹,彭琦,梁椰雯,魏璐,王浠言,赵雷棋,张欣颜"
甜蜜暴击,https://movie.douban.com/subject/27034587/?tag=%E5%9B%BD%E4%BA%A7%E5%89%A7&from=gaia_video,"/celebrity/1337001/,/celebrity/1276032/,/celebrity/1371070/,/celebrity/1342329/,/celebrity/1354680/,/celebrity/1391540/,/celebrity/1386987/,/celebrity/1367682/,/celebrity/1376434/","鹿晗,关晓彤,裴子添,邵雨薇,李萌萌,赵越,祁高坤,王嘉,丁程鑫"
沙海,https://movie.douban.com/subject/26785790/?tag=%E5%9B%BD%E4%BA%A7%E5%89%A7&from=gaia_video,"/celebrity/1276150/,/celebrity/1274463/,/celebrity/1275422/,/celebrity/1313776/,/celebrity/1323190/,/celebrity/1381677/,/celebrity/1361768/,/celebrity/1390897/,/celebrity/1391169/,/celebrity/1362567/,/celebrity/1322482/,/celebrity/1315451/,/celebrity/1338949/,/celebrity/1359899/,/celebrity/1274497/,/celebrity/1313742/,/celebrity/1222588/,/celebrity/1384346/,/celebrity/1378214/,/celebrity/1398884/,/celebrity/1400479/","吴磊,秦昊,张萌,杨蓉,季晨,朱杰,朱戬,王皓轩,陈v文,陈明昊,孔宋今,张译文,张艺兴,张铭恩,姚橹,于和伟,梁天,周延,毛不易,肖宇梁,任宇"
延禧攻略,https://movie.douban.com/subject/26999852/?tag=%E5%9B%BD%E4%BA%A7%E5%89%A7&from=gaia_video,"/celebrity/1274294/,/celebrity/1275718/,/celebrity/1019718/,/celebrity/1337020/,/celebrity/1383033/,/celebrity/1347952/,/celebrity/1312976/,/celebrity/1315414/,/celebrity/1317994/,/celebrity/1314636/,/celebrity/1383654/,/celebrity/1315828/,/celebrity/1215394/,/celebrity/1364470/,/celebrity/1360660/,/celebrity/1315637/,/celebrity/1318795/,/celebrity/1313869/,/celebrity/1313031/,/celebrity/1318863/,/celebrity/1386145/,/celebrity/1314249/,/celebrity/1397906/,/celebrity/1318149/,/celebrity/1397907/,/celebrity/1329791/,/celebrity/1314040/,/celebrity/1313740/,/celebrity/1363932/,/celebrity/1355326/,/celebrity/1373144/,/celebrity/1397908/,/celebrity/1353236/,/celebrity/1316554/,/celebrity/1377106/,/celebrity/1334211/,/celebrity/1315116/,/celebrity/1274559/,/celebrity/1400000/,/celebrity/1399997/,/celebrity/1400037/,/celebrity/1400038/,/celebrity/1400039/,/celebrity/1400040/,/celebrity/1397909/,/celebrity/1400041/,/celebrity/1399991/,/celebrity/1399987/,/celebrity/1399986/,/celebrity/1399232/,/celebrity/1388748/,/celebrity/1399972/,/celebrity/1399973/,/celebrity/1399974/,/celebrity/1399975/,/celebrity/1399976/,/celebrity/1399982/,/celebrity/1400042/,/celebrity/1400043/,/celebrity/1400056/,/celebrity/1400057/,/celebrity/1400058/,/celebrity/1400059/,/celebrity/1400060/,/celebrity/1400061/,/celebrity/1400049/,/celebrity/1326539/,/celebrity/1400055/,/celebrity/1400054/,/celebrity/1400044/,/celebrity/1400045/,/celebrity/1400046/,/celebrity/1400047/,/celebrity/1400048/,/celebrity/1400050/,/celebrity/1400051/,/celebrity/1400052/,/celebrity/1400053/,/celebrity/1320631/,/celebrity/1369940/,/celebrity/1373373/,/celebrity/1380715/,/celebrity/1363508/,/celebrity/1354205/,/celebrity/1378084/,/celebrity/1370888/,/celebrity/1318887/,/celebrity/1337225/,/celebrity/1336599/,/celebrity/1364573/,/celebrity/1357837/,/celebrity/1366417/,/celebrity/1314524/,/celebrity/1319363/,/celebrity/1376836/,/celebrity/1335538/,/celebrity/1391310/,/celebrity/1393225/,/celebrity/1352805/,/celebrity/1318408/","秦岚,聂远,佘诗曼,吴谨言,许凯,王冠逸,谭卓,苏青,王媛可,张嘉倪,洪尧,练束梅,宋春丽,李春嫒,姜梓新,潘时七,王茂蕾,方安娜,王绘春,杨净如,陈宥维,施予斐,刘恩尚,何佳怡,成浚文,殷旭,高洋,邓莎,高雨儿,王鹤润,王宇威,王一哲,许晓诺,徐百卉,程茉,白珊,茹萍,戴春荣,高芮,方洋飞,王羿d,魏劲松,严梓豪,周丹妮,陈偌汐,范晓明,李跃民,刘诗童,张ss,张译兮,李若宁,张天韵,吴利华,钱晨洁,安安,赵梦洁,冯武生,付小雨,顾天天,马春燕,彭京粉,孙翊晨,黄世亮,刘月涛,唐洋洋,杨雪,刘芊含,李鹏,李佳勋,黄溢凯,周建华,庄则熙,赵君昌,张彬,徐格格,王欣慧,刘泽宇,蒋曼琴,张凯,叶禾,谭旭,易勇,任婉婧,卫延侃,方楚彤,张日辉,郑晓东,成国栋,郑晓婉,姚未平,陈圆媛,马启越,常铖,沈保平,刘璐,李佳蔚,孙傲,郑龙,孙迪,公方敏"
我和两个他,https://movie.douban.com/subject/27106905/?tag=%E5%9B%BD%E4%BA%A7%E5%89%A7&from=gaia_video,"/celebrity/1274254/,/celebrity/1361765/,/celebrity/1371722/,/celebrity/1373959/,/celebrity/1373323/,/celebrity/1389677/,/celebrity/1376581/","张子枫,熊梓淇,刘剑羽,刘奕畅,夏若妍,雷瑟琳,孙志翔"
最亲爱的你,https://movie.douban.com/subject/27005982/?tag=%E5%9B%BD%E4%BA%A7%E5%89%A7&from=gaia_video,"/celebrity/1354078/,/celebrity/1361763/,/celebrity/1346564/,/celebrity/1376538/,/celebrity/1384938/,/celebrity/1331903/,/celebrity/1375038/,/celebrity/1369343/,/celebrity/1329888/,/celebrity/1384936/","虞书欣,赵志伟,王妍之,何蓝逗,杨之楹,王薇,胡文,曹煜辰,杨逸飞,李九霖"
古剑奇谭,https://movie.douban.com/subject/26420675/?tag=%E5%9B%BD%E4%BA%A7%E5%89%A7&from=gaia_video,"/celebrity/1274292/,/celebrity/1313265/,/celebrity/1275587/,/celebrity/1323786/,/celebrity/1275504/,/celebrity/1274884/,/celebrity/1274768/,/celebrity/1314497/,/celebrity/1312856/,/celebrity/1053438/,/celebrity/1313641/,/celebrity/1397709/,/celebrity/1290001/,/celebrity/1365842/,/celebrity/1392643/,/celebrity/1322641/,/celebrity/1331843/,/celebrity/1275210/,/celebrity/1378481/,/celebrity/1322963/,/celebrity/1379154/,/celebrity/1274914/,/celebrity/1348300/,/celebrity/1387338/,/celebrity/1342292/,/celebrity/1376240/,/celebrity/1318141/,/celebrity/1318531/,/celebrity/1318399/,/celebrity/1365737/,/celebrity/1318142/,/celebrity/1364137/,/celebrity/1372827/,/celebrity/1338422/,/celebrity/1369842/,/celebrity/1344375/,/celebrity/1362208/,/celebrity/1326179/,/celebrity/1363460/,/celebrity/1319074/,/celebrity/1274659/,/celebrity/1322753/,/celebrity/1313486/,/celebrity/1320538/,/celebrity/1318604/,/celebrity/1326913/,/celebrity/1320023/,/celebrity/1360031/,/celebrity/1385223/,/celebrity/1396225/,/celebrity/1318612/,/celebrity/1366844/,/celebrity/1399050/,/celebrity/1316799/,/celebrity/1352321/,/celebrity/1361576/,/celebrity/1388825/,/celebrity/1361125/","李治廷,颖儿,付辛博,姜雯,郭品超,邵兵,张智尧,何中华,金巧巧,曾黎,胡兵,吴茉彤,李易祥,姚远,闫笑,刘珈彤,叶超,雪村,范俊良,王希维,郑清文,果靖霖,钟卫华,赵威霖,刘倬廷,冯俊杰,迟志强,谢闻轩,张野,节冰,许歌,唐艺纯,冯茗惊,李梦谦,郭震,吕德亮,吴博伦,李俊峰,黄靖翔,张雯,刘冠麟,赵擎,范雷,邓英,侯祥玲,赵岩松,张如意,刘李优优,李建桥,黄露露,倪土,叶轩彤,姜浩严,郭晓峰,荣梓杉,吴春燕,季东燃,黄天崎"
天乩之白蛇传说,https://movie.douban.com/subject/26956031/?tag=%E5%9B%BD%E4%BA%A7%E5%89%A7&from=gaia,"/celebrity/1314124/,/celebrity/1360678/,/celebrity/1316062/,/celebrity/1018820/,/celebrity/1360675/,/celebrity/1315848/,/celebrity/1397412/,/celebrity/1321613/,/celebrity/1314497/,/celebrity/1313468/,/celebrity/1353627/,/celebrity/1275526/,/celebrity/1325322/,/celebrity/1044222/,/celebrity/1036905/,/celebrity/1042036/,/celebrity/1366844/","杨紫,任嘉伦,茅子俊,李曼,刘学义,何杜娟,傅方俊,朱晓渔,何中华,王劲松,张墨锡,赵文浩,白凯南,何琳,刘嘉玲,赵雅芝,叶轩彤"
流星花园,https://movie.douban.com/subject/26974779/?tag=%E5%9B%BD%E4%BA%A7%E5%89%A7&from=gaia_video,"/celebrity/1374420/,/celebrity/1383940/,/celebrity/1375409/,/celebrity/1370070/,/celebrity/1383959/,/celebrity/1358762/,/celebrity/1364986/,/celebrity/1392035/,/celebrity/1385813/,/celebrity/1384025/,/celebrity/1339572/,/celebrity/1397042/,/celebrity/1265136/,/celebrity/1274775/,/celebrity/1274814/,/celebrity/1325798/,/celebrity/1316037/,/celebrity/1335857/,/celebrity/1385756/,/celebrity/1400084/","沈月,王鹤棣,官鸿,梁靖康,吴希泽,孙伊涵,王润泽,孙千,刘尹昊,厉嘉琪,刘烨,董馨,徐熙娣,王琳,郭采洁,王月,庾澄庆,李泉,田瑞辉,裴佳欣"
猎毒人,https://movie.douban.com/subject/27180959/?tag=%E5%9B%BD%E4%BA%A7%E5%89%A7&from=gaia_video,"/celebrity/1313742/,/celebrity/1316125/,/celebrity/1323757/,/celebrity/1322133/,/celebrity/1322975/,/celebrity/1275317/,/celebrity/1274297/,/celebrity/1274228/,/celebrity/1313468/,/celebrity/1314315/,/celebrity/1313992/,/celebrity/1275451/,/celebrity/1316960/,/celebrity/1275319/,/celebrity/1318374/,/celebrity/1335598/,/celebrity/1319363/,/celebrity/1388931/,/celebrity/1373481/,/celebrity/1323368/,/celebrity/1335601/,/celebrity/1323758/,/celebrity/1365689/,/celebrity/1378881/,/celebrity/1371696/,/celebrity/1373336/,/celebrity/1336112/,/celebrity/1396907/,/celebrity/1382492/,/celebrity/1379754/,/celebrity/1383466/,/celebrity/1323457/,/celebrity/1396908/,/celebrity/1274660/,/celebrity/1397519/,/celebrity/1330997/,/celebrity/1397520/,/celebrity/1397521/,/celebrity/1397522/,/celebrity/1397524/","于和伟,张丹峰,侯梦莎,傅程鹏,徐洪浩,吴秀波,徐峥,侯勇,王劲松,刘小锋,刘威葳,曾江,华子,计春华,安雅萍,李飞,沈保平,崔钟,侯杰,李昊臻,赵荀,夏侯镔,马秋子,王沛然,张露,安冬,关亚军,薛景瑞,董姝,张进,杨文哲,嵇波,侯晓,王磊,徐骏,徐雷智,杜春,沈聿博,丁学林,刘奇"
给我一个十八岁,https://movie.douban.com/subject/27180758/?tag=%E5%9B%BD%E4%BA%A7%E5%89%A7&from=gaia_video,"/celebrity/1357104/,/celebrity/1363643/,/celebrity/1340455/,/celebrity/1373610/,/celebrity/1327230/,/celebrity/1340964/,/celebrity/1047083/,/celebrity/1274576/,/celebrity/1392415/,/celebrity/1383130/,/celebrity/1314404/,/celebrity/1317230/,/celebrity/1349188/,/celebrity/1322682/,/celebrity/1359474/,/celebrity/1395394/,/celebrity/1355315/,/celebrity/1396922/,/celebrity/1396921/,/celebrity/1383001/,/celebrity/1340225/,/celebrity/1367350/,/celebrity/1361750/","郭麒麟,孙伟豪,李砚,王嘉宁,方川,袁百梓卉,梅婷,耿乐,何泽远,飞尔多斯,刘亚津,李洪涛,林鹏,王晴,林琪,贾小双,张振华,孔令婧,邬馨谊,张馨元,袁霞,毕瀚文,李素云"
重返20岁,https://movie.douban.com/subject/26593756/?tag=%E5%9B%BD%E4%BA%A7%E5%89%A7&from=gaia_video,"/celebrity/1348542/,/celebrity/1341273/,/celebrity/1012937/,/celebrity/1058399/,/celebrity/1318516/,/celebrity/1325810/,/celebrity/1367835/,/celebrity/1323174/,/celebrity/1365067/,/celebrity/1315090/,/celebrity/1355056/,/celebrity/1323306/,/celebrity/1326724/,/celebrity/1336765/,/celebrity/1350228/,/celebrity/1383807/,/celebrity/1355415/,/celebrity/1318920/,/celebrity/1355282/,/celebrity/1318168/,/celebrity/1362586/,/celebrity/1378703/,/celebrity/1364987/","韩东君,胡冰卿,秦汉,归亚蕾,姚星彤,张超,张雅钦,王阳,姜尘,杨青,姜正阳,那家威,侯桐江,蒋中伟,衣云鹤,苏茂,陈慧娟,左金珠,艾佳妮,罗鸣,郑好,叶丽娜,付思琪"
热血书院,https://movie.douban.com/subject/26776530/?tag=%E5%9B%BD%E4%BA%A7%E5%89%A7&from=gaia_video,"/celebrity/1313231/,/celebrity/1323727/,/celebrity/1332409/,/celebrity/1328675/,/celebrity/1337439/,/celebrity/1396613/,/celebrity/1351310/,/celebrity/1396075/","梁大维,张芷溪,张瑞涵,艾晓琪,李汶翰,金梦杨,曲少石,陈萌希"
青春警事,https://movie.douban.com/subject/10439239/?tag=%E5%9B%BD%E4%BA%A7%E5%89%A7&from=gaia_video,"/celebrity/1312818/,/celebrity/1314064/,/celebrity/1373310/,/celebrity/1358958/,/celebrity/1380083/,/celebrity/1355757/,/celebrity/1323990/,/celebrity/1380082/,/celebrity/1323017/,/celebrity/1357212/,/celebrity/1314472/,/celebrity/1349474/,/celebrity/1365485/,/celebrity/1326913/,/celebrity/1316474/,/celebrity/1386987/,/celebrity/1350719/","焦俊艳,魏大勋,杨廷东,王子璇,魏天浩,李培铭,陈牧扬,石岛,魏千翔,吴昊宸,张恒,王姿允,陈碧舸,赵岩松,蒋冰,祁高坤,周奕彤"
素手遮天,https://movie.douban.com/subject/27068569/?tag=%E5%9B%BD%E4%BA%A7%E5%89%A7&from=gaia_video,"/celebrity/1350870/,/celebrity/1326258/,/celebrity/1348998/,/celebrity/1352629/,/celebrity/1395430/,/celebrity/1362634/,/celebrity/1316228/,/celebrity/1385828/,/celebrity/1318844/,/celebrity/1351495/,/celebrity/1274412/,/celebrity/1402699/","黄婷婷,刘忻,王霏霏,邓宁,孟子荻,刘育同,戴向宇,马梦乔,武艺,范,陈紫函,陈佳意"
陪读妈妈,https://movie.douban.com/subject/27119575/?tag=%E5%9B%BD%E4%BA%A7%E5%89%A7&from=gaia_video,"/celebrity/1047083/,/celebrity/1314762/,/celebrity/1004773/,/celebrity/1329632/,/celebrity/1053438/,/celebrity/1005843/,/celebrity/1324862/,/celebrity/1001714/,/celebrity/1397714/,/celebrity/1397713/,/celebrity/1397715/,/celebrity/1387006/,/celebrity/1397716/","梅婷,许亚军,邬君梅,胡先煦,曾黎,张兆辉,郝洋,奚美娟,王全友,丁志勇,水晶,王文轩,董成明"
快把我哥带走,https://movie.douban.com/subject/27045331/?tag=%E5%9B%BD%E4%BA%A7%E5%89%A7&from=gaia_video,"/celebrity/1356395/,/celebrity/1392035/,/celebrity/1332287/,/celebrity/1396866/,/celebrity/1396869/,/celebrity/1392261/,/celebrity/1353236/,/celebrity/1396868/,/celebrity/1390341/,/celebrity/1396870/,/celebrity/1329795/,/celebrity/1329160/,/celebrity/1397126/,/celebrity/1397134/,/celebrity/1334751/,/celebrity/1274417/,/celebrity/1338466/,/celebrity/1337942/,/celebrity/1314472/,/celebrity/1315297/,/celebrity/1318289/,/celebrity/1349768/,/celebrity/1397441/,/celebrity/1397443/,/celebrity/1398288/,/celebrity/1398290/,/celebrity/1386833/,/celebrity/1372588/,/celebrity/1371771/","曾舜,孙千,王旭东,胡永涛,马柏全,吕小雨,许晓诺,李梦露,谭泉,云天飞,魏子昕,赵叶索,刘杨,蔡光泰,张琛,罗海琼,张本煜,曹卫宇,张恒,李泰,褚栓忠,李艺彤,王浠言,陈尚均,安杰,甄子琦,毛爱宁,项滢璇,刘若谷"
S.C.I.谜案集,https://movie.douban.com/subject/26816381/?tag=%E5%9B%BD%E4%BA%A7%E5%89%A7&from=gaia_video,"/celebrity/1372980/,/celebrity/1369578/,/celebrity/1327262/,/celebrity/1351453/,/celebrity/1364900/,/celebrity/1351562/,/celebrity/1359404/,/celebrity/1373715/,/celebrity/1342748/,/celebrity/1318045/,/celebrity/1370639/,/celebrity/1365995/,/celebrity/1397457/","高瀚宇,季肖冰,王美人,范玮,孟阿赛,蒋龙,马圣彬,罗昱j,张帆,王雅婷,张煜枫,胡潇灵"
我们的青春期,https://movie.douban.com/subject/27099214/?tag=%E5%9B%BD%E4%BA%A7%E5%89%A7&from=gaia_video,"/celebrity/1363677/,/celebrity/1326477/,/celebrity/1347905/,/celebrity/1391379/,/celebrity/1398814/,/celebrity/1365413/,/celebrity/1316729/,/celebrity/1325646/,/celebrity/1021830/,/celebrity/1313244/,/celebrity/1396853/","曾淇,郭家豪,康宁,钱冬旎,张贝贝,昌隆,宋运成,荣蓉,谢园,傅亨,史梓辰"
一千零一夜,https://movie.douban.com/subject/27088995/?tag=%E5%9B%BD%E4%BA%A7%E5%89%A7&from=gaia_video,"/celebrity/1325127/,/celebrity/1333341/,/celebrity/1313973/,/celebrity/1378686/,/celebrity/1343116/,/celebrity/1361028/,/celebrity/1385756/,/celebrity/1374525/,/celebrity/1356938/,/celebrity/1326513/","迪丽热巴,邓伦,陈奕龙,王瑞子,张昊唯,祝绪丹,田瑞辉,高海,张峻鸣,曲高位"
芸汐传,https://movie.douban.com/subject/26897025/?tag=%E5%9B%BD%E4%BA%A7%E5%89%A7&from=gaia_video,"/celebrity/1349551/,/celebrity/1323399/,/celebrity/1343056/,/celebrity/1352967/,/celebrity/1350230/,/celebrity/1314229/,/celebrity/1352512/,/celebrity/1396225/,/celebrity/1354441/,/celebrity/1313798/,/celebrity/1313641/,/celebrity/1400084/,/celebrity/1351249/,/celebrity/1375038/,/celebrity/1356349/,/celebrity/1354411/,/celebrity/1357769/,/celebrity/1402699/","鞠婧t,张哲瀚,米热,林思意,王佑硕,卢星宇,许佳琪,黄露露,邵雪聪,高雄,胡兵,裴佳欣,赵毅新,胡文,李瑞超,刘炅然,谢蕾蕾,陈佳意"
扶摇,https://movie.douban.com/subject/26640097/?tag=%E5%9B%BD%E4%BA%A7%E5%89%A7&from=gaia_video,"/celebrity/1052359/,/celebrity/1259866/,/celebrity/1322731/,/celebrity/1313468/,/celebrity/1337794/,/celebrity/1351258/,/celebrity/1367835/,/celebrity/1274939/,/celebrity/1369578/,/celebrity/1275882/,/celebrity/1314761/,/celebrity/1366346/,/celebrity/1354203/,/celebrity/1359404/,/celebrity/1325536/,/celebrity/1318018/,/celebrity/1053611/,/celebrity/1313796/,/celebrity/1317230/,/celebrity/1397909/,/celebrity/1385769/,/celebrity/1385756/,/celebrity/1399567/,/celebrity/1354818/,/celebrity/1367357/,/celebrity/1383817/,/celebrity/1365170/","杨幂,阮经天,刘奕君,王劲松,高伟光,赖艺,张雅钦,胡可,高瀚宇,黄宥明,李依晓,梁译木,阿丽亚,蒋龙,赵楚纶,宋佳伦,刘璇,涓子,李洪涛,陈偌汐,田瑞辉,王潇倩,袁雨萱,刘洛汐,林宸锐,张奕聪"
为了你我愿意热爱整个世界,https://movie.douban.com/subject/26974046/?tag=%E5%9B%BD%E4%BA%A7%E5%89%A7&from=gaia_video,"/celebrity/1276171/,/celebrity/1275765/,/celebrity/1363975/,/celebrity/1356789/,/celebrity/1346398/,/celebrity/1319041/,/celebrity/1015186/,/celebrity/1342323/,/celebrity/1315029/,/celebrity/1371923/,/celebrity/1006938/,/celebrity/1274562/,/celebrity/1313422/,/celebrity/1365506/,/celebrity/1274561/,/celebrity/1354442/,/celebrity/1396504/","罗晋,郑爽,张艺上,庞瀚辰,王宫良,杨金承,孔琳,李依伊,罗刚,孙嘉灵,杜志国,赵丽娟,高曙光,蔡纲,牟凤彬,黄景瑜,谢宇朦"
灵与肉,https://movie.douban.com/subject/25923576/?tag=%E5%9B%BD%E4%BA%A7%E5%89%A7&from=gaia_video,"/celebrity/1314386/,/celebrity/1318082/,/celebrity/1316146/,/celebrity/1275739/,/celebrity/1314844/,/celebrity/1312817/,/celebrity/1315740/,/celebrity/1326042/,/celebrity/1012937/,/celebrity/1047358/,/celebrity/1316924/,/celebrity/1301518/,/celebrity/1365650/,/celebrity/1318137/,/celebrity/1316019/,/celebrity/1322754/,/celebrity/1318053/,/celebrity/1328159/,/celebrity/1324098/,/celebrity/1325527/,/celebrity/1364129/,/celebrity/1325615/,/celebrity/1330228/","于小伟,孙茜,黄小蕾,林鹏,赵毅,赵立新,洪宇宙,尚铁龙,秦汉,丛珊,王全有,尤勇,大宝哥,李心敏,王伟光,石琳,吴健,王靖云,田玲,戚云鹏,穆怀虎,逯长恩,李兰迪"
法医秦明,https://movie.douban.com/subject/26913955/?tag=%E5%9B%BD%E4%BA%A7%E5%89%A7&from=gaia_video,"/celebrity/1354373/,/celebrity/1344500/,/celebrity/1327598/,/celebrity/1317759/,/celebrity/1312734/,/celebrity/1378591/,/celebrity/1338954/,/celebrity/1381098/,/celebrity/1371771/,/celebrity/1342810/","刘冬沁,刘畅,于莎莎,杨凯淳,王辉,李逸男,盛朗熙,要武,刘若谷,李一情"
亲爱的活祖宗,https://movie.douban.com/subject/27197296/?tag=%E5%9B%BD%E4%BA%A7%E5%89%A7&from=gaia_video,"/celebrity/1363943/,/celebrity/1330507/,/celebrity/1316228/,/celebrity/1339317/,/celebrity/1042200/,/celebrity/1327121/,/celebrity/1362803/,/celebrity/1374870/,/celebrity/1401142/","陈哲远,董晴,戴向宇,王汀,李彩桦,陶思源,王永峰,仇佩佩,李牧"
来到你的世界,https://movie.douban.com/subject/27073847/?tag=%E5%9B%BD%E4%BA%A7%E5%89%A7&from=gaia_video,"/celebrity/1275324/,/celebrity/1349343/,/celebrity/1365468/,/celebrity/1324187/,/celebrity/1384754/,/celebrity/1391202/,/celebrity/1375551/,/celebrity/1344415/","林柏宏,李浩菲,黄俊捷,黄一琳,张津铭,王迩忆璇,何柔熹,姚一奇"
脱身,https://movie.douban.com/subject/26864184/?tag=%E5%9B%BD%E4%BA%A7%E5%89%A7&from=gaia_video,"/celebrity/1053618/,/celebrity/1315477/,/celebrity/1316330/,/celebrity/1328103/,/celebrity/1018759/,/celebrity/1315048/,/celebrity/1313672/,/celebrity/1313561/,/celebrity/1007401/,/celebrity/1275934/,/celebrity/1350317/,/celebrity/1321097/,/celebrity/1395453/,/celebrity/1314181/,/celebrity/1351495/,/celebrity/1373780/,/celebrity/1275576/,/celebrity/1320448/,/celebrity/1371771/,/celebrity/1396851/,/celebrity/1389161/","陈坤,万茜,王耀庆,蔡文静,赵文u,张晓晨,海一天,尹铸胜,廖凡,王景春,王彦霖,曹艳艳,熊睿玲,朱刚日尧,范,陈芋米,陶灏景,金丰,刘若谷,富冠铭,孔令美"
爱国者,https://movie.douban.com/subject/27005238/?tag=%E5%9B%BD%E4%BA%A7%E5%89%A7&from=gaia_video,"/celebrity/1323723/,/celebrity/1275756/,/celebrity/1315585/,/celebrity/1316331/,/celebrity/1353518/,/celebrity/1313348/,/celebrity/1342727/,/celebrity/1351562/,/celebrity/1346557/,/celebrity/1391980/,/celebrity/1378755/,/celebrity/1350145/,/celebrity/1380724/,/celebrity/1316715/,/celebrity/1364577/,/celebrity/1275687/,/celebrity/1316623/,/celebrity/1348365/,/celebrity/1275741/,/celebrity/1313513/,/celebrity/1274736/,/celebrity/1381837/,/celebrity/1366108/","张鲁一,佟丽娅,芦芳生,田雨,孟召重,叶静,郭秋成,孟阿赛,康磊,陈昊,周密,付枚,夏星,蒙亭宜,王子辰,谭凯,任正斌,牛青峰,张光北,李光复,吴军,博超,刘芷含"
萌妃驾到,https://movie.douban.com/subject/26892564/?tag=%E5%9B%BD%E4%BA%A7%E5%89%A7&from=gaia_video,"/celebrity/1322893/,/celebrity/1383735/,/celebrity/1351587/,/celebrity/1378117/,/celebrity/1364842/,/celebrity/1274659/,/celebrity/1312797/,/celebrity/1386575/,/celebrity/1315268/,/celebrity/1315103/,/celebrity/1378169/,/celebrity/1275869/","夏一瑶,韩玖诺,汤梦佳,沈瑶,张海宇,刘冠麟,陈德修,杨运麒,瞿澳晖,金晨,余佳淼,汪东城"
走火,https://movie.douban.com/subject/27041379/?tag=%E5%9B%BD%E4%BA%A7%E5%89%A7&from=gaia_video,"/celebrity/1317344/,/celebrity/1313964/,/celebrity/1354816/,/celebrity/1323174/,/celebrity/1317520/,/celebrity/1324304/,/celebrity/1320989/,/celebrity/1367146/,/celebrity/1316135/,/celebrity/1330865/,/celebrity/1396954/,/celebrity/1390544/,/celebrity/1378688/,/celebrity/1386044/","于毅,周放,高F睿,王阳,王佳佳,章婷婷,杨骏,徐卫,刘之冰,王千航,张皓伦,白那日苏,单思涵,周依然"
钟馗捉妖记,https://movie.douban.com/subject/26864185/?tag=%E5%9B%BD%E4%BA%A7%E5%89%A7&from=gaia_video,"/celebrity/1351383/,/celebrity/1313776/,/celebrity/1317420/,/celebrity/1326498/,/celebrity/1299287/,/celebrity/1352652/,/celebrity/1318706/,/celebrity/1313512/,/celebrity/1275482/,/celebrity/1316770/,/celebrity/1275687/,/celebrity/1391980/,/celebrity/1342863/,/celebrity/1374090/","杨旭文,杨蓉,麦迪娜,李子峰,丁子峻,成梓宁,傅迦,马书良,金士杰,王德顺,谭凯,陈昊,葛天,武麟"
同学两亿岁,https://movie.douban.com/subject/26964430/?tag=%E5%9B%BD%E4%BA%A7%E5%89%A7&from=gaia_video,"/celebrity/1376310/,/celebrity/1391603/,/celebrity/1371724/,/celebrity/1365413/,/celebrity/1391604/,/celebrity/1342216/,/celebrity/1391605/,/celebrity/1395282/,/celebrity/1391606/,/celebrity/1391607/,/celebrity/1391608/","李庚希,朱致灵,梁宝羚,昌隆,刘芳芸,杜双宇,陈希r,费聿锋,夏紫薇,丁楠,任彬"
骨语,https://movie.douban.com/subject/27119570/?tag=%E5%9B%BD%E4%BA%A7%E5%89%A7&from=gaia_video,"/celebrity/1320269/,/celebrity/1325204/,/celebrity/1324076/,/celebrity/1364067/,/celebrity/1394772/,/celebrity/1318140/,/celebrity/1394774/,/celebrity/1313876/,/celebrity/1357573/","张龄心,高仁,蔡宜达,张家鼎,吴曼思,扈耀之,王超帏,李琦,王皓祯"
家有儿女初长成,https://movie.douban.com/subject/26689427/?tag=%E5%9B%BD%E4%BA%A7%E5%89%A7&from=gaia_video,"/celebrity/1274223/,/celebrity/1321234/,/celebrity/1314443/,/celebrity/1274775/,/celebrity/1316604/,/celebrity/1361109/,/celebrity/1384052/,/celebrity/1354684/,/celebrity/1373345/,/celebrity/1388594/,/celebrity/1355653/,/celebrity/1394590/,/celebrity/1353092/","张一山,张晔子,高亚麟,王琳,周小斌,宋宁,郭芯如,彭艺博,东靖川,张艺文,夏天,翟冠华,王歌"
想看你微笑,https://movie.douban.com/subject/27203019/?tag=%E5%9B%BD%E4%BA%A7%E5%89%A7&from=gaia_video,"/celebrity/1337439/,/celebrity/1376678/,/celebrity/1373143/,/celebrity/1379065/,/celebrity/1375167/,/celebrity/1385899/,/celebrity/1320408/,/celebrity/1373513/,/celebrity/1381885/,/celebrity/1395439/","李汶翰,杜雨宸,侯俊丞,刘倩p,林世杰,祁汉,赵多娜,张沙沙,黄馨瑶,林潇"
如果，爱,https://movie.douban.com/subject/27034838/?tag=%E5%9B%BD%E4%BA%A7%E5%89%A7&from=gaia_video,"/celebrity/1003495/,/celebrity/1201063/,/celebrity/1312836/,/celebrity/1346494/,/celebrity/1317610/,/celebrity/1316741/,/celebrity/1374515/,/celebrity/1394476/,/celebrity/1369579/,/celebrity/1394477/","张柏芝,吴建豪,倪景阳,徐志贤,张双利,田岷,范春霞,黄烁文,侯雪龙,冯若绮"
东方华尔街,https://movie.douban.com/subject/27029233/?tag=%E5%9B%BD%E4%BA%A7%E5%89%A7&from=gaia_video,"/celebrity/1037098/,/celebrity/1014743/,/celebrity/1050430/,/celebrity/1275972/,/celebrity/1337610/,/celebrity/1339078/,/celebrity/1294712/,/celebrity/1033280/,/celebrity/1073994/,/celebrity/1274268/,/celebrity/1215287/,/celebrity/1108968/,/celebrity/1355072/,/celebrity/1286723/,/celebrity/1364458/,/celebrity/1349294/,/celebrity/1345882/,/celebrity/1359508/,/celebrity/1324439/,/celebrity/1339097/,/celebrity/1323927/,/celebrity/1347830/,/celebrity/1340411/,/celebrity/1337783/","吴镇宇,张孝全,余男,陈家乐,江奇霖,蔡洁,潘灿良,谭耀文,张可颐,廖启智,桂纶镁,罗家英,崔碧珈,何华超,张武孝,陆骏光,梁健平,袁富华,吴浣仪,张松枝,张建声,韦罗莎,张雷,廖子妤"
热血狂篮,https://movie.douban.com/subject/27083672/?tag=%E5%9B%BD%E4%BA%A7%E5%89%A7&from=gaia_video,"/celebrity/1352897/,/celebrity/1354819/,/celebrity/1369349/,/celebrity/1369343/,/celebrity/1393219/,/celebrity/1395279/,/celebrity/1337439/,/celebrity/1351876/,/celebrity/1364864/,/celebrity/1313559/,/celebrity/1316008/,/celebrity/1335604/,/celebrity/1357163/,/celebrity/1395280/,/celebrity/1387403/,/celebrity/1323839/,/celebrity/1332692/,/celebrity/1326938/","佟梦实,邢菲,聂子皓,曹煜辰,涂冰,赵珞然,李汶翰,王燕阳,杨业明,郝平,张志忠,童苡萱,周艺轩,傅姝阳,蒋思羽,李世鹏,石天硕,傅天骄"
冒险王卫斯理之无名发,https://movie.douban.com/subject/30198448/?tag=%E5%9B%BD%E4%BA%A7%E5%89%A7&from=gaia_video,"/celebrity/1041510/,/celebrity/1313776/,/celebrity/1328398/,/celebrity/1316267/,/celebrity/1032379/,/celebrity/1326944/,/celebrity/1378123/,/celebrity/1313802/,/celebrity/1397568/","余文乐,杨蓉,胡然,伍允龙,仓田保昭,叶相明,甄琪,林伟,牛钸斯"
楼外楼,https://movie.douban.com/subject/26894634/?tag=%E5%9B%BD%E4%BA%A7%E5%89%A7&from=gaia_video,"/celebrity/1275537/,/celebrity/1005537/,/celebrity/1274437/,/celebrity/1001714/,/celebrity/1328159/,/celebrity/1314975/,/celebrity/1313877/,/celebrity/1313559/,/celebrity/1275600/,/celebrity/1318285/,/celebrity/1334544/,/celebrity/1390239/,/celebrity/1314540/,/celebrity/1040352/,/celebrity/1365003/,/celebrity/1394774/","张铎,叶璇,秦海璐,奚美娟,王靖云,丁勇岱,冯恩鹤,郝平,那威,蒋毅,徐申东,汤晶晶,温海波,淳于珊珊,田重,王超帏"
结爱・千岁大人的初恋,https://movie.douban.com/subject/27107131/?tag=%E5%9B%BD%E4%BA%A7%E5%89%A7&from=gaia_video,"/celebrity/1315608/,/celebrity/1354442/,/celebrity/1337019/,/celebrity/1392634/,/celebrity/1337610/,/celebrity/1375961/,/celebrity/1392642/,/celebrity/1386912/,/celebrity/1381272/,/celebrity/1312862/,/celebrity/1392643/,/celebrity/1315540/,/celebrity/1313721/,/celebrity/1318950/,/celebrity/1319246/,/celebrity/1376538/,/celebrity/1340268/,/celebrity/1397524/,/celebrity/1401100/","宋茜,黄景瑜,徐开骋,李,江奇霖,刘泳希,李嘉铭,张柏嘉,许芳铱,杨子姗,闫笑,苏可,吴冕,李宜娟,陈佳妍,何蓝逗,杨凯迪,刘奇,王鑫"
上海女子图鉴,https://movie.douban.com/subject/27185556/?tag=%E5%9B%BD%E4%BA%A7%E5%89%A7&from=gaia_video,"/celebrity/1346550/,/celebrity/1349387/,/celebrity/1324619/,/celebrity/1330841/,/celebrity/1274820/,/celebrity/1218349/,/celebrity/1274497/,/celebrity/1329643/,/celebrity/1274719/,/celebrity/1040928/,/celebrity/1313489/,/celebrity/1365178/,/celebrity/1398153/,/celebrity/1391176/","王真儿,李程彬,李现,盛一伦,袁文康,马德钟,姚橹,官鑫,铁伟光,刘孜,金莎,马心怡,毕玉山,向皓"
爱情的边疆,https://movie.douban.com/subject/26873807/?tag=%E5%9B%BD%E4%BA%A7%E5%89%A7&from=gaia_video,"/celebrity/1275049/,/celebrity/1275487/,/celebrity/1274530/,/celebrity/1038974/,/celebrity/1361070/,/celebrity/1317520/,/celebrity/1363945/,/celebrity/1318303/,/celebrity/1313513/,/celebrity/1316008/,/celebrity/1314007/","殷桃,王雷,李乃文,丁嘉丽,徐嘉雯,王佳佳,康爱石,陈逸恒,李光复,张志忠,曹可凡"
假如没有遇见你,https://movie.douban.com/subject/30200988/?tag=%E5%9B%BD%E4%BA%A7%E5%89%A7&from=gaia_video,"/celebrity/1355401/,/celebrity/1366192/,/celebrity/1393511/,/celebrity/1339706/,/celebrity/1393515/,/celebrity/1364986/,/celebrity/1380109/,/celebrity/1393512/,/celebrity/1359474/,/celebrity/1393513/,/celebrity/1351310/,/celebrity/1366005/,/celebrity/1393514/,/celebrity/1330213/","彭豆豆,邵伟桐,邹思扬,曹然然,李瀚均,王润泽,张璐瑶,王凡,林琪,谷丰,曲少石,郝文婷,容尔甲,安宇"
泡沫之夏,https://movie.douban.com/subject/26744053/?tag=%E5%9B%BD%E4%BA%A7%E5%89%A7&from=gaia_video,"/celebrity/1326897/,/celebrity/1316921/,/celebrity/1376982/,/celebrity/1352095/,/celebrity/1352237/,/celebrity/1392063/,/celebrity/1378591/,/celebrity/1312910/,/celebrity/1364811/,/celebrity/1320007/,/celebrity/1317420/,/celebrity/1392534/,/celebrity/1392533/,/celebrity/1275749/,/celebrity/1318197/,/celebrity/1396413/","张雪迎,秦俊杰,黄圣池,陈欣予,黄德毅,袁子芸,李逸男,刘佳,宋海颉,施羽,麦迪娜,范晓东,丁可,代乐乐,李若嘉,李如歌"
不过是分手,https://movie.douban.com/subject/30210257/?tag=%E5%9B%BD%E4%BA%A7%E5%89%A7&from=gaia_video,"/celebrity/1395488/,/celebrity/1395489/,/celebrity/1395490/,/celebrity/1395491/,/celebrity/1395492/,/celebrity/1395493/","陈思贤,马佳慧,陈静,艾涛,周莉莉,梅树森"
远大前程・双龙会,https://movie.douban.com/subject/30203343/?tag=%E5%9B%BD%E4%BA%A7%E5%89%A7&from=gaia_video,"/celebrity/1336305/,/celebrity/1351584/,/celebrity/1391980/,/celebrity/1371804/,/celebrity/1313513/,/celebrity/1313680/,/celebrity/1318303/,/celebrity/1314476/,/celebrity/1315700/,/celebrity/1386360/,/celebrity/1365305/","刘昊然,尚语贤,陈昊,白红标,李光复,李颖,陈逸恒,修庆,王建新,张家溢,王云昊"
温暖的弦,https://movie.douban.com/subject/26311907/?tag=%E5%9B%BD%E4%BA%A7%E5%89%A7&from=gaia_video,"/celebrity/1031500/,/celebrity/1257882/,/celebrity/1314636/,/celebrity/1348538/,/celebrity/1314048/,/celebrity/1313231/,/celebrity/1341898/,/celebrity/1327262/,/celebrity/1349904/,/celebrity/1374929/,/celebrity/1314472/","张翰,张钧甯,张嘉倪,经超,周奇奇,梁大维,金泽灏,季肖冰,郭子千,李昕哲,张恒"
莽荒纪,https://movie.douban.com/subject/26616334/?tag=%E5%9B%BD%E4%BA%A7%E5%89%A7&from=gaia_video,"/celebrity/1208399/,/celebrity/1275508/,/celebrity/1327575/,/celebrity/1002998/,/celebrity/1322716/,/celebrity/1317664/,/celebrity/1358363/,/celebrity/1392475/,/celebrity/1384590/,/celebrity/1337438/,/celebrity/1392473/,/celebrity/1392474/,/celebrity/1378123/,/celebrity/1316150/,/celebrity/1008125/,/celebrity/1317610/,/celebrity/1048469/,/celebrity/1386777/,/celebrity/1352797/,/celebrity/1370207/,/celebrity/1355552/,/celebrity/1317421/","刘恺威,王鸥,陈亦飞,张峻宁,牛骏峰,李威,赵予熙,陈梦瑶,郑雪,黄征,冯俊熙,龚悦,甄琪,刘慧,梁家仁,张双利,徐少强,宁心,李政宇,姜永波,卢勇,王春元"
哦！我的皇帝陛下,https://movie.douban.com/subject/27135558/?tag=%E5%9B%BD%E4%BA%A7%E5%89%A7&from=gaia_video,"/celebrity/1356456/,/celebrity/1357678/,/celebrity/1360615/,/celebrity/1385770/,/celebrity/1360384/,/celebrity/1371736/,/celebrity/1364488/,/celebrity/1383741/,/celebrity/1361841/,/celebrity/1357225/,/celebrity/1371733/,/celebrity/1356855/,/celebrity/1386183/,/celebrity/1385681/","谷嘉诚,伍嘉成,肖战,赵露思,彭楚粤,陈泽希,焉栩嘉,谢林彤,宋楠惜,郭子凡,夏之光,赵磊,王竟力,程小夏"
冒险王卫斯理之蓝血人,https://movie.douban.com/subject/30198446/?tag=%E5%9B%BD%E4%BA%A7%E5%89%A7&from=gaia,"/celebrity/1041510/,/celebrity/1275670/,/celebrity/1328398/,/celebrity/1315463/,/celebrity/1316267/,/celebrity/1051740/,/celebrity/1326944/,/celebrity/1378123/,/celebrity/1315854/,/celebrity/1032914/,/celebrity/1360960/,/celebrity/1274445/,/celebrity/1343601/,/celebrity/1323262/,/celebrity/1355416/","余文乐,文咏珊,胡然,徐冬冬,伍允龙,黄浩然,叶相明,甄琪,乔宝宝,梁敏仪,维妮,苑琼丹,杨大鹏,张秀文,姬晓飞"
萌妻食神,https://movie.douban.com/subject/27015980/?tag=%E5%9B%BD%E4%BA%A7%E5%89%A7&from=gaia_video,"/celebrity/1346494/,/celebrity/1316739/,/celebrity/1353519/,/celebrity/1275658/,/celebrity/1350231/,/celebrity/1365170/,/celebrity/1385770/,/celebrity/1362832/,/celebrity/1327677/,/celebrity/1318016/,/celebrity/1347662/,/celebrity/1377106/,/celebrity/1352321/,/celebrity/1320632/,/celebrity/1386145/,/celebrity/1385769/","徐志贤,种丹妮,赵健,刘敏,柴格,张奕聪,赵露思,盛冠森,宁文彤,侯传杲,辛雨锡,程茉,荣梓杉,阿杰,陈宥维"
忽而今夏,https://movie.douban.com/subject/27041389/?tag=%E5%9B%BD%E4%BA%A7%E5%89%A7&from=gaia_video,"/celebrity/1337887/,/celebrity/1362971/,/celebrity/1380812/,/celebrity/1386836/,/celebrity/1365174/,/celebrity/1357771/,/celebrity/1386837/,/celebrity/1386838/,/celebrity/1318092/,/celebrity/1397174/,/celebrity/1366005/,/celebrity/1386811/","白宇,卜冠今,吕鹏,张书维,杨h,方文强,刘林,侯晴子梓,张磊,华雯,郝文婷,吕赢"
小戏骨：水浒传,https://movie.douban.com/subject/26953998/?tag=%E5%9B%BD%E4%BA%A7%E5%89%A7&from=gaia_video,"/celebrity/1363248/,/celebrity/1366416/,/celebrity/1385174/,/celebrity/1372307/,/celebrity/1361736/,/celebrity/1380639/,/celebrity/1383259/,/celebrity/1385622/,/celebrity/1367594/,/celebrity/1363201/,/celebrity/1372306/,/celebrity/1366414/,/celebrity/1385598/,/celebrity/1385617/,/celebrity/1385597/,/celebrity/1372608/,/celebrity/1385618/,/celebrity/1363199/,/celebrity/1382107/,/celebrity/1367100/,/celebrity/1363197/,/celebrity/1385475/,/celebrity/1363236/,/celebrity/1387442/,/celebrity/1387452/,/celebrity/1388981/,/celebrity/1388982/,/celebrity/1390896/,/celebrity/1363205/,/celebrity/1400143/","陈荣达,葛奕德,万君逸,郭飞歌,李俊豪,赵晨翔,贾念莹,粱哲,祁晟原,陈禹衡,姚奥依,蔡嘉诚,廖律行,马英智,彭瑞林,余亚颖,王若欢,杨F奎,杨知周,赵士添,肖杨博涵,李c主,周冉,刘鸿旭,李冰城,戴豪键,陈浩南,杜放晓,罗自豪,武冠宇"
真爱的谎言之破冰者,https://movie.douban.com/subject/26887181/?tag=%E5%9B%BD%E4%BA%A7%E5%89%A7&from=gaia_video,"/celebrity/1276171/,/celebrity/1275632/,/celebrity/1275270/,/celebrity/1318180/,/celebrity/1330093/,/celebrity/1322085/,/celebrity/1314477/,/celebrity/1350138/,/celebrity/1275510/,/celebrity/1355757/","罗晋,潘之琳,张晨光,曹征,吕星辰,王砚辉,程煜,傅孟柏,杨新鸣,李培铭"
我才不会被女孩子欺负呢,https://movie.douban.com/subject/30155194/?tag=%E5%9B%BD%E4%BA%A7%E5%89%A7&from=gaia_video,"/celebrity/1389078/,/celebrity/1391518/,/celebrity/1391522/,/celebrity/1391523/,/celebrity/1391524/,/celebrity/1391521/,/celebrity/1318307/,/celebrity/1314404/,/celebrity/1323026/,/celebrity/1383807/,/celebrity/1354568/,/celebrity/1354066/","蔡徐坤,卢洋洋,杨景诚,蒋毓玮,王u,王咨越,吕夏,刘亚津,李建义,苏茂,林枫松,李俊浩"
北京女子图鉴,https://movie.douban.com/subject/27176635/?tag=%E5%9B%BD%E4%BA%A7%E5%89%A7&from=gaia_video,"/celebrity/1313916/,/celebrity/1314064/,/celebrity/1344500/,/celebrity/1315185/,/celebrity/1314478/,/celebrity/1275038/,/celebrity/1328201/,/celebrity/1374201/,/celebrity/1345574/,/celebrity/1326498/,/celebrity/1352052/,/celebrity/1316330/,/celebrity/1309215/,/celebrity/1314124/,/celebrity/1317411/,/celebrity/1313395/,/celebrity/1323013/,/celebrity/1310696/,/celebrity/1320592/,/celebrity/1315295/,/celebrity/1313315/,/celebrity/1368007/,/celebrity/1320879/,/celebrity/1378084/,/celebrity/1396308/,/celebrity/1346550/,/celebrity/1322406/,/celebrity/1378181/","戚薇,魏大勋,刘畅,王啸坤,陈龙,王柏杰,王泷正,张子贤,孔垂楠,李子峰,张晓谦,王耀庆,陈瑾,杨紫,肖雨雨,张檬,班嘉佳,吴越,余心恬,王一,刘牧,黄汐源,刘洁,方楚彤,朱蔻,王真儿,李沁谣,周明亮"
冒险王卫斯理之支离人,https://movie.douban.com/subject/30167108/?tag=%E5%9B%BD%E4%BA%A7%E5%89%A7&from=gaia_video,"/celebrity/1041510/,/celebrity/1328398/,/celebrity/1031194/,/celebrity/1050329/,/celebrity/1275670/,/celebrity/1316267/,/celebrity/1042518/,/celebrity/1274420/,/celebrity/1326944/,/celebrity/1335402/,/celebrity/1323262/,/celebrity/1348030/,/celebrity/1315463/,/celebrity/1051740/,/celebrity/1315854/,/celebrity/1313802/,/celebrity/1032379/,/celebrity/1385682/","余文乐,胡然,任达华,林家栋,文咏珊,伍允龙,陈法蓉,吴启华,叶相明,邱意浓,张秀文,文凯玲,徐冬冬,黄浩然,乔宝宝,林伟,仓田保昭,韩昕怡"
阳光下的法庭,https://movie.douban.com/subject/27119571/?tag=%E5%9B%BD%E4%BA%A7%E5%89%A7&from=gaia_video,"/celebrity/1040392/,/celebrity/1274825/,/celebrity/1275705/,/celebrity/1316135/,/celebrity/1319529/,/celebrity/1318376/,/celebrity/1325420/,/celebrity/1314453/,/celebrity/1314851/,/celebrity/1274914/,/celebrity/1275747/,/celebrity/1317082/,/celebrity/1009107/,/celebrity/1316742/,/celebrity/1321606/,/celebrity/1337138/,/celebrity/1314540/,/celebrity/1372920/,/celebrity/1274779/,/celebrity/1322769/,/celebrity/1317095/,/celebrity/1315116/,/celebrity/1372924/,/celebrity/1318303/,/celebrity/1275706/,/celebrity/1371764/,/celebrity/1327428/,/celebrity/1371804/,/celebrity/1388616/,/celebrity/1327683/,/celebrity/1391228/,/celebrity/1379988/,/celebrity/1359386/,/celebrity/1350378/,/celebrity/1330645/,/celebrity/1366005/,/celebrity/1391153/,/celebrity/1324159/,/celebrity/1363550/,/celebrity/1361750/,/celebrity/1355669/,/celebrity/1357292/","颜丙燕,何冰,王志飞,刘之冰,瑛子,田牧宸,萧松原,廖京生,田小洁,果靖霖,姚安濂,牛宝军,高明,钱志,胡彩虹,呼延晓辉,温海波,白马竞,赵小锐,杨子骅,颜世魁,茹萍,于又川,陈逸恒,郑晓宁,李学政,赵小川,白红标,逯军,张艺心,李雨洋,宫海滨,李天涯,孙率航,张洪伟,郝文婷,杨凯涵,杨均柏,冯晓江,李素云,康杰,王仪伟"
飞虎之潜行极战,https://movie.douban.com/subject/26969029/?tag=%E5%9B%BD%E4%BA%A7%E5%89%A7&from=gaia_video,"/celebrity/1115415/,/celebrity/1038569/,/celebrity/1274764/,/celebrity/1005843/,/celebrity/1162139/,/celebrity/1275524/,/celebrity/1313355/,/celebrity/1275266/,/celebrity/1328777/,/celebrity/1315300/,/celebrity/1033899/,/celebrity/1313657/,/celebrity/1360779/,/celebrity/1315219/,/celebrity/1342251/,/celebrity/1316094/,/celebrity/1037606/,/celebrity/1316213/,/celebrity/1391297/,/celebrity/1400256/,/celebrity/1392410/,/celebrity/1384701/","苗侨伟,黄宗泽,吴卓羲,张兆辉,王敏德,吴岱融,王敏奕,梁烈唯,黄子恒,陈山聪,伍咏薇,龚慈恩,刘美娟,黄智雯,陈凯琳,高海宁,郑雪儿,何佩瑜,吴思佳,丁子朗,姚伟涛,罗颂欣"
海上嫁女记,https://movie.douban.com/subject/26787091/?tag=%E5%9B%BD%E4%BA%A7%E5%89%A7&from=gaia_video,"/celebrity/1275487/,/celebrity/1050946/,/celebrity/1313395/,/celebrity/1364421/,/celebrity/1329518/,/celebrity/1337942/,/celebrity/1275369/,/celebrity/1319611/,/celebrity/1378043/,/celebrity/1374512/,/celebrity/1391310/,/celebrity/1374555/,/celebrity/1391311/,/celebrity/1350382/,/celebrity/1391312/","王雷,蔡少芬,张檬,樊霖锋,李心艾,曹卫宇,莫小棋,翟子陌,陈奕静,陈震,孙傲,朱赞锦,李恩晟,吴谨西,张维"
金牌投资人,https://movie.douban.com/subject/27115272/?tag=%E5%9B%BD%E4%BA%A7%E5%89%A7&from=gaia_video,"/celebrity/1316159/,/celebrity/1351383/,/celebrity/1314478/,/celebrity/1373319/,/celebrity/1315027/,/celebrity/1324753/,/celebrity/1313422/,/celebrity/1353622/,/celebrity/1392643/","张俪,杨旭文,陈龙,梁田,袁成杰,郭晓然,高曙光,宋晨,闫笑"
远大前程,https://movie.douban.com/subject/26838067/?tag=%E5%9B%BD%E4%BA%A7%E5%89%A7&from=gaia_video,"/celebrity/1274763/,/celebrity/1275443/,/celebrity/1275756/,/celebrity/1274814/,/celebrity/1312817/,/celebrity/1274306/,/celebrity/1322731/,/celebrity/1274914/,/celebrity/1275687/,/celebrity/1196361/,/celebrity/1314263/,/celebrity/1314851/,/celebrity/1006938/,/celebrity/1317610/,/celebrity/1328349/,/celebrity/1316770/,/celebrity/1315699/,/celebrity/1322085/,/celebrity/1314627/,/celebrity/1324615/,/celebrity/1350145/,/celebrity/1323186/,/celebrity/1353611/,/celebrity/1325438/,/celebrity/1275747/,/celebrity/1316193/,/celebrity/1334288/,/celebrity/1274972/,/celebrity/1331901/,/celebrity/1318531/,/celebrity/1318191/,/celebrity/1330552/,/celebrity/1330553/,/celebrity/1330554/,/celebrity/1321268/,/celebrity/1255860/,/celebrity/1312979/,/celebrity/1275482/,/celebrity/1336305/,/celebrity/1313383/,/celebrity/1274663/,/celebrity/1202926/,/celebrity/1316159/,/celebrity/1274705/,/celebrity/1274508/,/celebrity/1314762/,/celebrity/1313561/,/celebrity/1320874/,/celebrity/1318194/,/celebrity/1316623/,/celebrity/1314007/,/celebrity/1330382/,/celebrity/1318219/,/celebrity/1389050/,/celebrity/1366415/,/celebrity/1400037/,/celebrity/1396648/","陈思诚,袁弘,佟丽娅,郭采洁,赵立新,倪大红,刘奕君,果靖霖,谭凯,成泰,徐僧,田小洁,杜志国,张双利,李萍,王德顺,晋松,王砚辉,谢苗,戴墨,付枚,张羽,桑平,郑伟,姚安濂,霍亚明,言杰,曹操,郭鹏,谢闻轩,张国庆,刘智满,刘智堂,刘智福,吴迪,黄志忠,连奕名,金士杰,刘昊然,曹炳琨,郭京飞,释彦能,张俪,富大龙,李念,许亚军,尹铸胜,刘欢,姜峰,任正斌,曹可凡,班赞,尹君正,王屿,赵蕴卓,王羿d,刘仕琳"
动物系恋人啊,https://movie.douban.com/subject/27114843/?tag=%E5%9B%BD%E4%BA%A7%E5%89%A7&from=gaia_video,"/celebrity/1005138/,/celebrity/1270178/,/celebrity/1275764/,/celebrity/1001241/,/celebrity/1275258/,/celebrity/1002051/,/celebrity/1367385/,/celebrity/1324935/,/celebrity/1377288/,/celebrity/1372285/,/celebrity/1389252/","钟欣潼,贺军翔,隋棠,张睿家,洪卓立,黄志玮,林予,安唯绫,海芬,邓育凯,初孟轩"
初婚,https://movie.douban.com/subject/30214054/?tag=%E5%9B%BD%E4%BA%A7%E5%89%A7&from=gaia_video,"/celebrity/1339315/,/celebrity/1318290/,/celebrity/1320466/","朱锐,林继东,蔡蝶"
三国机密之潜龙在渊,https://movie.douban.com/subject/26801742/?tag=%E5%9B%BD%E4%BA%A7%E5%89%A7&from=gaia_video,"/celebrity/1312820/,/celebrity/1348542/,/celebrity/1315477/,/celebrity/1001074/,/celebrity/1315994/,/celebrity/1276104/,/celebrity/1157914/,/celebrity/1321055/,/celebrity/1323026/,/celebrity/1314212/,/celebrity/1360248/,/celebrity/1319834/,/celebrity/1292855/,/celebrity/1334230/,/celebrity/1390860/,/celebrity/1314524/,/celebrity/1317138/,/celebrity/1336127/,/celebrity/1356949/,/celebrity/1356585/,/celebrity/1380548/,/celebrity/1366656/,/celebrity/1354817/","马天宇,韩东君,万茜,董洁,王阳明,董璇,谢君豪,檀健次,李建义,舒耀u,王玉雯,王仁君,娜仁花,屠楠,张博涵,常铖,林静,张琪,汪小敏,孙祖君,王萌,王艺诺,史文翔"
好久不见,https://movie.douban.com/subject/26743566/?tag=%E5%9B%BD%E4%BA%A7%E5%89%A7&from=gaia_video,"/celebrity/1312862/,/celebrity/1275564/,/celebrity/1015115/,/celebrity/1276046/,/celebrity/1366396/,/celebrity/1357009/,/celebrity/1352238/,/celebrity/1368191/,/celebrity/1314632/,/celebrity/1318553/,/celebrity/1325537/","杨子姗,郑恺,张国立,江珊,田雷,钟楚曦,逯子,周宸佳,王森,高晓菲,刘立"
南方有乔木,https://movie.douban.com/subject/26765222/?tag=%E5%9B%BD%E4%BA%A7%E5%89%A7&from=gaia_video,"/celebrity/1275970/,/celebrity/1275542/,/celebrity/1274437/,/celebrity/1324619/,/celebrity/1275547/,/celebrity/1357957/,/celebrity/1383821/,/celebrity/1275706/,/celebrity/1006938/,/celebrity/1321485/,/celebrity/1340209/,/celebrity/1313358/,/celebrity/1399980/,/celebrity/1352321/,/celebrity/1400082/","陈伟霆,白百何,秦海璐,李现,白冰,张宥浩,王若珊,郑晓宁,杜志国,王维维,曹璐,铁政,张樟,荣梓杉,张博豪"
以你为名的青春,https://movie.douban.com/subject/27089479/?tag=%E5%9B%BD%E4%BA%A7%E5%89%A7&from=gaia_video,"/celebrity/1380627/,/celebrity/1361762/,/celebrity/1355779/,/celebrity/1317598/,/celebrity/1376456/,/celebrity/1344888/,/celebrity/1386068/,/celebrity/1390897/,/celebrity/1384232/","李墨之,连晨翔,盖h希,徐嘉苇,张鑫,陈昊明,文苡帆,王皓轩,孙映霏"
万能图书馆,https://movie.douban.com/subject/27079058/?tag=%E5%9B%BD%E4%BA%A7%E5%89%A7&from=gaia_video,"/celebrity/1317854/,/celebrity/1318400/,/celebrity/1339768/,/celebrity/1368507/,/celebrity/1365479/,/celebrity/1357132/,/celebrity/1339968/,/celebrity/1349768/,/celebrity/1334707/,/celebrity/1367257/,/celebrity/1377770/,/celebrity/1332932/,/celebrity/1366249/,/celebrity/1366250/,/celebrity/1341375/,/celebrity/1355851/,/celebrity/1341199/,/celebrity/1340746/,/celebrity/1317329/,/celebrity/1337605/,/celebrity/1320453/,/celebrity/1338466/,/celebrity/1384063/","易小星,刘维,孔连顺,邵芸,林千鹿,王佳慧,刘浩,李艺彤,张绍刚,李诞,池子,白客,于白水,张华宇,葛布,沈南,高华阳,柯达,杨迪,金岩,刘循子墨,张本煜,陈芊桦"
老男孩,https://movie.douban.com/subject/27018233/?tag=%E5%9B%BD%E4%BA%A7%E5%89%A7&from=gaia_video,"/celebrity/1000572/,/celebrity/1042053/,/celebrity/1312940/,/celebrity/1329632/,/celebrity/1355324/,/celebrity/1346564/,/celebrity/1323026/,/celebrity/1275178/,/celebrity/1275461/,/celebrity/1341092/,/celebrity/1339317/,/celebrity/1275687/,/celebrity/1274649/,/celebrity/1053438/,/celebrity/1349188/,/celebrity/1357200/,/celebrity/1315025/,/celebrity/1372978/,/celebrity/1372068/,/celebrity/1389473/,/celebrity/1360674/,/celebrity/1314926/,/celebrity/1314018/,/celebrity/1326768/,/celebrity/1390352/","刘烨,林依晨,雷佳音,胡先煦,郭姝彤,王妍之,李建义,李光洁,朱泳腾,百克力,王汀,谭凯,倪虹洁,曾黎,林鹏,华明伟,周显欣,胡琨,张兰,杨Z子,梁婧娴,迟蓬,王策,魏巍,梁静娴"
面具,https://movie.douban.com/subject/27043642/?tag=%E5%9B%BD%E4%BA%A7%E5%89%A7&from=gaia_video,"/celebrity/1313650/,/celebrity/1047083/,/celebrity/1274228/,/celebrity/1318978/,/celebrity/1006938/,/celebrity/1287953/,/celebrity/1397821/,/celebrity/1358994/,/celebrity/1322609/,/celebrity/1343119/,/celebrity/1321968/,/celebrity/1322070/,/celebrity/1314975/,/celebrity/1314221/,/celebrity/1274781/,/celebrity/1371771/,/celebrity/1373721/","祖锋,梅婷,侯勇,于明加,杜志国,句号,佳琪,郑楚一,张英,王志刚,蒋一铭,李虎城,丁勇岱,孙大川,谭涛,刘若谷,赵健雷"
人生若如初相见,https://movie.douban.com/subject/25823281/?tag=%E5%9B%BD%E4%BA%A7%E5%89%A7&from=gaia_video,"/celebrity/1348542/,/celebrity/1346566/,/celebrity/1033102/,/celebrity/1330498/,/celebrity/1313046/,/celebrity/1313748/,/celebrity/1274228/,/celebrity/1313986/,/celebrity/1320198/,/celebrity/1152997/,/celebrity/1314449/,/celebrity/1348101/,/celebrity/1345574/,/celebrity/1315776/,/celebrity/1313798/,/celebrity/1360986/","韩东君,孙怡,方中信,邹廷威,郑罗茜,徐正溪,侯勇,吕佳容,马敬涵,邵美琪,黄文豪,陈若轩,孔垂楠,于波,高雄,书亚信"
烈火如歌,https://movie.douban.com/subject/26703476/?tag=%E5%9B%BD%E4%BA%A7%E5%89%A7&from=gaia_video,"/celebrity/1274366/,/celebrity/1325127/,/celebrity/1349994/,/celebrity/1339588/,/celebrity/1274298/,/celebrity/1351258/,/celebrity/1361029/,/celebrity/1317745/,/celebrity/1315263/,/celebrity/1326384/,/celebrity/1318951/,/celebrity/1315418/,/celebrity/1374511/,/celebrity/1330499/,/celebrity/1365182/,/celebrity/1354818/,/celebrity/1386635/,/celebrity/1365481/,/celebrity/1319834/,/celebrity/1313546/,/celebrity/1343092/,/celebrity/1363145/,/celebrity/1369878/,/celebrity/1381039/,/celebrity/1324283/,/celebrity/1318452/,/celebrity/1335851/,/celebrity/1353849/,/celebrity/1324712/,/celebrity/1376048/,/celebrity/1345804/,/celebrity/1386029/,/celebrity/1390271/,/celebrity/1392903/,/celebrity/1393805/,/celebrity/1400044/","周渝民,迪丽热巴,张彬彬,刘芮麟,龚蓓,赖艺,代斯,张赫,肖荣生,亓航,万美汐,邵峰,龙政璇,吴佩柔,高阳,袁雨萱,金泊含,陈烨林,王仁君,徐敏,罗四维,颜敬杰,李东恒,葛施敏,陈凯,陈继铭,王岗,石悦安鑫,方小月,王璐,武泽锦熙,董李无忧,马德丫,何索,康嘉泽,黄溢凯"
美好生活,https://movie.douban.com/subject/26972555/?tag=%E5%9B%BD%E4%BA%A7%E5%89%A7&from=gaia_video,"/celebrity/1275044/,/celebrity/1258893/,/celebrity/1274670/,/celebrity/1275457/,/celebrity/1274530/,/celebrity/1021293/,/celebrity/1318859/,/celebrity/1314477/,/celebrity/1276092/,/celebrity/1345364/,/celebrity/1222588/,/celebrity/1317605/,/celebrity/1317230/,/celebrity/1318140/,/celebrity/1316038/,/celebrity/1316965/,/celebrity/1321589/,/celebrity/1343630/,/celebrity/1322683/","张嘉译,李小冉,宋丹丹,牛莉,李乃文,辛柏青,姜妍,程煜,陈美琪,岳以恩,梁天,买红妹,李洪涛,扈耀之,姬他,孙浩,李梦男,吴珏瑾,闾汉彪"
利刃出击,https://movie.douban.com/subject/26979088/?tag=%E5%9B%BD%E4%BA%A7%E5%89%A7&from=gaia_video,"/celebrity/1275708/,/celebrity/1336748/,/celebrity/1313486/,/celebrity/1325777/,/celebrity/1316372/,/celebrity/1318211/,/celebrity/1274779/,/celebrity/1028605/,/celebrity/1389923/,/celebrity/1320543/,/celebrity/1335598/,/celebrity/1006938/,/celebrity/1316135/,/celebrity/1028943/,/celebrity/1275451/,/celebrity/1275706/,/celebrity/1372164/,/celebrity/1275747/,/celebrity/1317407/,/celebrity/1374394/","杨烁,牟星,范雷,翟小兴,江水,吴京安,赵小锐,郑浩南,焦娜,张旭,李飞,杜志国,刘之冰,汤镇业,曾江,郑晓宁,白玉,姚安濂,夏凡,卢冰铉"
单恋大作战,https://movie.douban.com/subject/26984529/?tag=%E5%9B%BD%E4%BA%A7%E5%89%A7&from=gaia_video,"/celebrity/1345574/,/celebrity/1326238/,/celebrity/1344238/,/celebrity/1388863/,/celebrity/1337947/,/celebrity/1363146/,/celebrity/1336952/,/celebrity/1353600/,/celebrity/1347985/","孔垂楠,刘美含,李鹤,刘锐,付曼,蒋林伶,马歌,张艺瀚,黄灿灿"
新笑傲江湖,https://movie.douban.com/subject/26924105/?tag=%E5%9B%BD%E4%BA%A7%E5%89%A7&from=gaia_video,"/celebrity/1355327/,/celebrity/1389015/,/celebrity/1388916/,/celebrity/1322641/,/celebrity/1388917/,/celebrity/1388918/,/celebrity/1317855/,/celebrity/1313468/,/celebrity/1360660/,/celebrity/1316834/,/celebrity/1394267/","丁冠森,薛昊婧,丁禹兮,刘珈彤,陈汛,姜卓君,郑昊,王劲松,姜梓新,李昊翰,曹明华"
独孤天下,https://movie.douban.com/subject/24732881/?tag=%E5%9B%BD%E4%BA%A7%E5%89%A7&from=gaia_video,"/celebrity/1316125/,/celebrity/1275280/,/celebrity/1313748/,/celebrity/1314761/,/celebrity/1341219/,/celebrity/1314449/,/celebrity/1330498/,/celebrity/1314229/,/celebrity/1356349/,/celebrity/1351249/,/celebrity/1388933/,/celebrity/1358088/,/celebrity/1006480/,/celebrity/1313630/,/celebrity/1320198/,/celebrity/1397110/,/celebrity/1378700/,/celebrity/1320632/,/celebrity/1400037/","张丹峰,安以轩,徐正溪,李依晓,应昊茗,黄文豪,邹廷威,卢星宇,李瑞超,赵毅新,郜思雯,刘帅,张茜,吕一,马敬涵,马昂,强宇,阿杰,王羿d"
内衣先生,https://movie.douban.com/subject/27148204/?tag=%E5%9B%BD%E4%BA%A7%E5%89%A7&from=gaia_video,"/celebrity/1394887/,/celebrity/1330939/,/celebrity/1361032/,/celebrity/1313910/,/celebrity/1314925/,/celebrity/1315489/,/celebrity/1389578/,/celebrity/1389579/,/celebrity/1327329/,/celebrity/1353698/,/celebrity/1327996/,/celebrity/1276011/,/celebrity/1327159/,/celebrity/1389580/,/celebrity/1357291/,/celebrity/1355653/,/celebrity/1324157/,/celebrity/1359380/,/celebrity/1316968/,/celebrity/1354788/,/celebrity/1321645/,/celebrity/1314404/,/celebrity/1376630/,/celebrity/1389793/","史磊,孟子义,王小利,王雅捷,唐鉴军,蒋典,李雪歌,岳D,党涛,王宣予,翟星月,柴蔚,张圣岳,刘凌志,夏天,刘旭,明俊臣,白小英楠,余薇薇,来喜,刘亚津,刘凯,郑旭东"
盛势,https://movie.douban.com/subject/26856479/?tag=%E5%9B%BD%E4%BA%A7%E5%89%A7&from=gaia,"/celebrity/1359728/,/celebrity/1381635/,/celebrity/1349304/,/celebrity/1387497/,/celebrity/1366355/,/celebrity/1388917/,/celebrity/1388292/,/celebrity/1321846/,/celebrity/1391169/","龚俊,徐峰,李乔丹,蒙恩,梁雪峰,陈汛,吴雅君,纪焕博,陈v文"
飘香剑雨,https://movie.douban.com/subject/26951638/?tag=%E5%9B%BD%E4%BA%A7%E5%89%A7&from=gaia_video,"/celebrity/1358144/,/celebrity/1336829/,/celebrity/1320509/,/celebrity/1385609/,/celebrity/1383369/,/celebrity/1390239/,/celebrity/1316055/,/celebrity/1375963/,/celebrity/1390245/,/celebrity/1374384/","吴优,任言恺,刘家琪,肖燕,高广泽,汤晶晶,贾宗超,骆明,卓煜茜,陈绰"
柜中美人,https://movie.douban.com/subject/26703950/?tag=%E5%9B%BD%E4%BA%A7%E5%89%A7&from=gaia_video,"/celebrity/1274366/,/celebrity/1341273/,/celebrity/1350207/,/celebrity/1315429/,/celebrity/1348101/,/celebrity/1274978/,/celebrity/1316548/,/celebrity/1361841/,/celebrity/1360674/,/celebrity/1350932/,/celebrity/1274661/,/celebrity/1322177/,/celebrity/1315746/,/celebrity/1339689/,/celebrity/1352321/,/celebrity/1386146/,/celebrity/1352698/,/celebrity/1363019/,/celebrity/1331721/","周渝民,胡冰卿,陈瑶,韩栋,陈若轩,左小青,李,宋楠惜,梁婧娴,王艺霖,傅淼,张瑞珈,叶青,李思澄,荣梓杉,李熹子,霍舒哲,叶恺文,边程"
一路繁花相送,https://movie.douban.com/subject/26615514/?tag=%E5%9B%BD%E4%BA%A7%E5%89%A7&from=gaia_video,"/celebrity/1274318/,/celebrity/1323729/,/celebrity/1275315/,/celebrity/1313028/,/celebrity/1189122/,/celebrity/1317325/,/celebrity/1349993/,/celebrity/1327993/,/celebrity/1345671/,/celebrity/1355326/,/celebrity/1351461/,/celebrity/1318950/,/celebrity/1374514/,/celebrity/1355281/,/celebrity/1316743/,/celebrity/1349188/,/celebrity/1388828/,/celebrity/1317139/,/celebrity/1374515/,/celebrity/1341756/,/celebrity/1374516/,/celebrity/1371628/,/celebrity/1373010/,/celebrity/1400153/","钟汉良,江疏影,炎亚纶,李晟,李铭顺,李浩轩,莫允雯,夏铭浩,王佳骏,王鹤润,郑强,李宜娟,丰林虎,易易紫,任帅,林鹏,张欢欢,王迅,范春霞,刘小婉,郑小容,李应七,李牵,苏魏舞"
二分之一美少年,https://movie.douban.com/subject/27095911/?tag=%E5%9B%BD%E4%BA%A7%E5%89%A7&from=gaia_video,"/celebrity/1371334/,/celebrity/1357261/,/celebrity/1322753/,/celebrity/1378183/,/celebrity/1378182/,/celebrity/1378184/,/celebrity/1322475/,/celebrity/1378185/,/celebrity/1351513/,/celebrity/1389570/,/celebrity/1361339/,/celebrity/1389571/,/celebrity/1327617/","叶子诚,金丽婷,赵擎,周升,敖翔,裕东,释小虎,王筱沫,陈雅斓,董昕S,朱丽岚,李若t,刘前程"
乡村爱情协奏曲,https://movie.douban.com/subject/27125544/?tag=%E5%9B%BD%E4%BA%A7%E5%89%A7&from=gaia_video,"/celebrity/1276010/,/celebrity/1318655/,/celebrity/1315489/,/celebrity/1313910/,/celebrity/1275580/,/celebrity/1323155/,/celebrity/1314006/,/celebrity/1274296/,/celebrity/1317627/,/celebrity/1315175/,/celebrity/1318928/,/celebrity/1323154/,/celebrity/1355097/,/celebrity/1318999/,/celebrity/1323345/,/celebrity/1323152/,/celebrity/1323153/,/celebrity/1318241/,/celebrity/1324164/,/celebrity/1358486/,/celebrity/1322775/,/celebrity/1372584/,/celebrity/1276013/,/celebrity/1363461/,/celebrity/1401143/","毕畅,贺树峰,唐鉴军,王小利,刘小光,蔡维利,于月仙,赵本山,关婷娜,刘流,王小宝,王小虎,宋晓峰,田娃,闫光明,蒋依杉,吴云飞,王君平,金玫玫,周弋楠,付,赵海燕,毛毛,曹桐睿,王卓"
谈判官,https://movie.douban.com/subject/26727942/?tag=%E5%9B%BD%E4%BA%A7%E5%89%A7&from=gaia_video,"/celebrity/1052359/,/celebrity/1337445/,/celebrity/1275504/,/celebrity/1325168/,/celebrity/1325426/,/celebrity/1018759/,/celebrity/1122837/,/celebrity/1361028/,/celebrity/1351258/,/celebrity/1381038/,/celebrity/1317230/,/celebrity/1388374/,/celebrity/1325536/,/celebrity/1354817/,/celebrity/1275461/,/celebrity/1373010/,/celebrity/1374511/","杨幂,黄子韬,郭品超,毛林林,杨菲洋,赵文u,连凯,祝绪丹,赖艺,李婷婷,李洪涛,付淼,赵楚纶,史文翔,朱泳腾,李牵,龙政璇"
初遇在光年之外,https://movie.douban.com/subject/26630706/?tag=%E5%9B%BD%E4%BA%A7%E5%89%A7&from=gaia_video,"/celebrity/1348101/,/celebrity/1023236/,/celebrity/1364983/,/celebrity/1338474/,/celebrity/1389477/,/celebrity/1385341/,/celebrity/1342009/","陈若轩,徐娇,田一彤,晁然,张宸,朱然,吴弘"
小戏骨,https://movie.douban.com/subject/26951952/?tag=%E5%9B%BD%E4%BA%A7%E5%89%A7&from=gaia_video,"/celebrity/1388050/,/celebrity/1389710/,/celebrity/1389711/,/celebrity/1379566/,/celebrity/1355783/,/celebrity/1386283/,/celebrity/1389712/,/celebrity/1368333/,/celebrity/1327435/,/celebrity/1386029/,/celebrity/1389713/,/celebrity/1389714/,/celebrity/1386826/,/celebrity/1385622/,/celebrity/1362522/","邹轩琦,夏泽宇,王征翰,王亭文,刘世杰,陈帅,李嘉宝,莫涂弘哲,李芳淙,董李无忧,王思苏,赫赫,郭唐维,粱哲,张瑞宇"
和平饭店,https://movie.douban.com/subject/26828285/?tag=%E5%9B%BD%E4%BA%A7%E5%89%A7&from=gaia_video,"/celebrity/1274346/,/celebrity/1312940/,/celebrity/1275178/,/celebrity/1341176/,/celebrity/1317097/,/celebrity/1353842/,/celebrity/1360080/,/celebrity/1387496/,/celebrity/1274714/,/celebrity/1053125/,/celebrity/1318045/,/celebrity/1319090/,/celebrity/1342727/,/celebrity/1325368/,/celebrity/1389050/,/celebrity/1360590/,/celebrity/1388027/,/celebrity/1353426/","陈数,雷佳音,李光洁,陶慧,张一龙,陈冠宁,阎俊希,王h兮,曹力,孔维,张帆,王烈,郭秋成,马灿灿,王屿,王侃,凯洱,沈朝方"
继承者计划,https://movie.douban.com/subject/26979216/?tag=%E5%9B%BD%E4%BA%A7%E5%89%A7&from=gaia_video,"/celebrity/1350317/,/celebrity/1393160/,/celebrity/1318482/,/celebrity/1353746/,/celebrity/1315239/,/celebrity/1385236/,/celebrity/1330229/,/celebrity/1346424/","王彦霖,李欣燃,杨皓宇,郑家彬,张国柱,慈婉彤,王志强,张哲浩"
我站在桥上看风景,https://movie.douban.com/subject/27063398/?tag=%E5%9B%BD%E4%BA%A7%E5%89%A7&from=gaia_video,"/celebrity/1312694/,/celebrity/1340376/,/celebrity/1356789/,/celebrity/1359523/,/celebrity/1382470/,/celebrity/1361325/,/celebrity/1359958/,/celebrity/1372588/,/celebrity/1388825/,/celebrity/1388826/,/celebrity/1326384/,/celebrity/1275882/,/celebrity/1313383/,/celebrity/1316331/,/celebrity/1314409/","姜潮,李溪芮,庞瀚辰,何瑞贤,赵旭东,宋奕星,陈思成,项滢璇,季东燃,孙婉婷,亓航,黄宥明,曹炳琨,田雨,章申"
福星盈门,https://movie.douban.com/subject/30122584/?tag=%E5%9B%BD%E4%BA%A7%E5%89%A7&from=gaia_video,"/celebrity/1274247/,/celebrity/1317375/,/celebrity/1321797/,/celebrity/1276009/,/celebrity/1400486/,/celebrity/1329637/,/celebrity/1388932/,/celebrity/1315645/,/celebrity/1317030/,/celebrity/1313907/,/celebrity/1313873/","潘长江,韩兆,张大静,程野,陈嘉男,郭金杰,郜妍妍,张洪杰,邵峰,李菁,杜旭东"
寻秦记,https://movie.douban.com/subject/26388618/?tag=%E5%9B%BD%E4%BA%A7%E5%89%A7&from=gaia_video,"/celebrity/1319341/,/celebrity/1312690/,/celebrity/1387061/,/celebrity/1358187/,/celebrity/1374524/,/celebrity/1378689/,/celebrity/1315776/,/celebrity/1317132/,/celebrity/1355552/,/celebrity/1370932/,/celebrity/1275965/,/celebrity/1334288/,/celebrity/1364263/,/celebrity/1387062/,/celebrity/1042466/,/celebrity/1386029/,/celebrity/1387126/,/celebrity/1337596/,/celebrity/1386653/,/celebrity/1378851/","陈翔,郭晓婷,牛子藩,夏楠,陈晨,赵振廷,于波,陈秀丽,卢勇,何涌生,杜奕衡,言杰,梁霆炜,周文韬,吴奇隆,董李无忧,赵无悠,宋来运,袁野,王L强"
幸福，近在咫尺,https://movie.douban.com/subject/27205193/?tag=%E5%9B%BD%E4%BA%A7%E5%89%A7&from=gaia_video,"/celebrity/1274316/,/celebrity/1386911/,/celebrity/1036695/,/celebrity/1386912/,/celebrity/1378115/,/celebrity/1373323/,/celebrity/1314326/,/celebrity/1326724/,/celebrity/1388823/,/celebrity/1388824/,/celebrity/1316086/,/celebrity/1211987/,/celebrity/1023827/,/celebrity/1313839/,/celebrity/1257882/","陈意涵,王子奇,高圣远,张柏嘉,裴立言,夏若妍,徐永革,侯桐江,霄宇,李登芮,林美秀,陈柏霖,薛凯琪,金世佳,张钧甯"
警犬来啦,https://movie.douban.com/subject/26972554/?tag=%E5%9B%BD%E4%BA%A7%E5%89%A7&from=gaia_video,"/celebrity/1313776/,/celebrity/1342320/,/celebrity/1376841/,/celebrity/1314851/,/celebrity/1380187/,/celebrity/1314925/,/celebrity/1318303/,/celebrity/1318155/","杨蓉,贾景晖,梁缘,田小洁,金美伶,王雅捷,陈逸恒,秦卫东"
凤囚凰,https://movie.douban.com/subject/26359236/?tag=%E5%9B%BD%E4%BA%A7%E5%89%A7&from=gaia_video,"/celebrity/1276032/,/celebrity/1353488/,/celebrity/1341220/,/celebrity/1374579/,/celebrity/1337020/,/celebrity/1386441/,/celebrity/1343056/,/celebrity/1383033/,/celebrity/1363930/,/celebrity/1383654/,/celebrity/1385770/,/celebrity/1276035/,/celebrity/1315503/,/celebrity/1314959/,/celebrity/1351126/,/celebrity/1393805/,/celebrity/1317154/,/celebrity/1355666/,/celebrity/1397173/,/celebrity/1361768/,/celebrity/1399232/,/celebrity/1320750/","关晓彤,宋威龙,张逸杰,白鹿,吴谨言,吴佳怡,米热,许凯,何奉天,洪尧,赵露思,张馨予,杨F娜,利晴天,李宗霖,康嘉泽,张超人,宫政,王磊,朱戬,张译兮,石云鹏"
恋爱先生,https://movie.douban.com/subject/26827972/?tag=%E5%9B%BD%E4%BA%A7%E5%89%A7&from=gaia_video,"/celebrity/1314123/,/celebrity/1323729/,/celebrity/1274530/,/celebrity/1318720/,/celebrity/1274732/,/celebrity/1274306/,/celebrity/1316331/,/celebrity/1354428/,/celebrity/1388628/,/celebrity/1351374/,/celebrity/1040154/,/celebrity/1358187/","靳东,江疏影,李乃文,辛芷蕾,李宗翰,倪大红,田雨,宋妍霏,陈薪璇,达伦,程皓枫,夏楠"
龙日一，你死定了 第二季,https://movie.douban.com/subject/27663966/?tag=%E5%9B%BD%E4%BA%A7%E5%89%A7&from=gaia,"/celebrity/1385471/,/celebrity/1385472/,/celebrity/1385466/,/celebrity/1373702/,/celebrity/1363562/,/celebrity/1377769/","邱赫南,侯佩杉,魏哲鸣,黄千硕,朱庭辰,贾司特"
莫斯科行动,https://movie.douban.com/subject/26860788/?tag=%E5%9B%BD%E4%BA%A7%E5%89%A7&from=gaia_video,"/celebrity/1041082/,/celebrity/1358144/,/celebrity/1275302/,/celebrity/1313469/,/celebrity/1274780/,/celebrity/1321998/,/celebrity/1028343/,/celebrity/1386773/,/celebrity/1386771/,/celebrity/1386774/,/celebrity/1338250/,/celebrity/1344492/,/celebrity/1403287/,/celebrity/1357084/,/celebrity/1324500/,/celebrity/1375802/,/celebrity/1359090/,/celebrity/1355342/,/celebrity/1322897/,/celebrity/1328745/,/celebrity/1334531/,/celebrity/1368339/,/celebrity/1326916/,/celebrity/1386769/,/celebrity/1318029/,/celebrity/1276007/,/celebrity/1352805/,/celebrity/1387864/,/celebrity/1387865/,/celebrity/1387866/,/celebrity/1372160/,/celebrity/1387867/,/celebrity/1352396/,/celebrity/1368123/,/celebrity/1387868/,/celebrity/1387869/,/celebrity/1320845/,/celebrity/1318658/","夏雨,吴优,姚芊羽,张志坚,常戎,张宁江,娜杰日达,伊瓦诺夫,叶斯特林,科里亚克夫斯基,柳明明,杜子名,董博,李虹辰,邓钢,王戈,葛铮,张晚意,张戈,于笑,刘飚,付蓉儿,张倩如,朱一文,肖显鹏,周乐,孙迪,赵志,韩东升,常凯宁,吴楠,张平,吴明轩,易登林,赵起,满建武,邱箫婵,张铮"
换了人间,https://movie.douban.com/subject/26980000/?tag=%E5%9B%BD%E4%BA%A7%E5%89%A7&from=gaia_video,"/celebrity/1152771/,/celebrity/1314473/,/celebrity/1274973/,/celebrity/1316992/,/celebrity/1314011/,/celebrity/1314435/,/celebrity/1318398/,/celebrity/1275176/,/celebrity/1318179/,/celebrity/1327311/,/celebrity/1324157/,/celebrity/1318266/,/celebrity/1318573/,/celebrity/1318552/,/celebrity/1316424/,/celebrity/1336229/,/celebrity/1358010/,/celebrity/1331006/,/celebrity/1312705/,/celebrity/1377979/,/celebrity/1324082/,/celebrity/1330629/,/celebrity/1331007/,/celebrity/1351461/,/celebrity/1318211/,/celebrity/1039585/,/celebrity/1317413/,/celebrity/1355300/,/celebrity/1326049/,/celebrity/1374695/,/celebrity/1341330/,/celebrity/1351374/,/celebrity/1397998/,/celebrity/1380396/","唐国强,刘劲,马晓伟,郭连文,王伍福,卢奇,谷伟,金鑫,姚居德,张再新,刘旭,翟万臣,由立平,王健,刘长纯,张世会,高志强,林毅杰,杨俊勇,倪菘阳,罗忆楠,赵凯,张页石,郑强,吴京安,于小慧,黄薇,文馨,许文广,周旭奇,李晓枫,达伦,张春林,宋乃刚"
小楼又东风,https://movie.douban.com/subject/26844133/?tag=%E5%9B%BD%E4%BA%A7%E5%89%A7&from=gaia_video,"/celebrity/1313653/,/celebrity/1319273/,/celebrity/1313520/,/celebrity/1275747/,/celebrity/1326728/,/celebrity/1313680/,/celebrity/1334556/,/celebrity/1387475/,/celebrity/1371713/,/celebrity/1313725/","严屹宽,宋轶,朱梓骁,姚安濂,李欣聪,李颖,李添诺,潘彦霖,黄靖芯,王诗槐"
我的青春遇见你,https://movie.douban.com/subject/27124505/?tag=%E5%9B%BD%E4%BA%A7%E5%89%A7&from=gaia_video,"/celebrity/1323017/,/celebrity/1318859/,/celebrity/1315565/,/celebrity/1275747/,/celebrity/1339528/,/celebrity/1342926/,/celebrity/1316283/,/celebrity/1318037/,/celebrity/1356618/,/celebrity/1345606/,/celebrity/1318303/,/celebrity/1386637/,/celebrity/1316784/,/celebrity/1374689/,/celebrity/1383457/,/celebrity/1386636/,/celebrity/1344415/,/celebrity/1327685/,/celebrity/1317779/,/celebrity/1355399/,/celebrity/1386638/,/celebrity/1355550/,/celebrity/1318031/,/celebrity/1386639/,/celebrity/1316349/,/celebrity/1386640/,/celebrity/1386641/,/celebrity/1386643/,/celebrity/1386644/,/celebrity/1335538/,/celebrity/1374004/,/celebrity/1384582/,/celebrity/1372200/,/celebrity/1336599/,/celebrity/1386539/,/celebrity/1386645/,/celebrity/1373936/,/celebrity/1373010/,/celebrity/1360597/,/celebrity/1364060/,/celebrity/1322727/,/celebrity/1384448/,/celebrity/1318536/,/celebrity/1386646/,/celebrity/1386642/","魏千翔,姜妍,张小磊,姚安濂,杨壹童,徐岑子,王华英,廖学秋,杨彤,雷佳,陈逸恒,白一翔,陶海,王冠,王欣如,王v淇,姚一奇,任山,冯静,郜耀平,郭泱,郭亚菲,司光敏,陈莉,霍青,范世德,李燕生,刘阳,袁近辉,李佳蔚,胡春勇,杜艳,任洛敏,郑晓婉,秦越,艾平,王培t,李牵,马兆壮,吴任远,范近轮,陆凯,蒋可,赵仁杰,王欢"
